filename|annotator|questione|id|source-name|source-partition-id|ref-type|ref-scope|text|context|alias|partition|doc-type|authority|region|city|detached-city|section|ministry|other-authority|eu-acronym|number|year|full-number|case-number|area|doc-date|deposit-date|notification-date|publication-date|applicant|defendant|ro-number|rv-number|gu-series|url|cited-doc-simple-id|cited-art-simple-id|cited-comma-simple-id
Sentenza_U13_1015_2022.json|A1|Se la società ricorrente, in qualità di soggetto erogatore d|1|||legislation|nazionale|art. 6, comma 1 lett. c) primo periodo, della l. 14 giugno 1990 n. 158|art. 6, comma 1 lett. c) primo periodo, della l. 14 giugno 1990 n. 158||articolo-6_comma-1_lettera-c_periodo-1|L|||||||||158|||||1990-06-14|||||||||http://www.normattiva.it/uri-res/N2Ls?urn:nir:stato:legge:1990;158~art6-comma1-letc-periodo1|legge:1990;158|legge:1990;158_articolo-6|legge:1990;158_articolo-6_comma-1
Sentenza_U13_1015_2022.json|A1|Se la società ricorrente, in qualità di soggetto erogatore d|2|||legislation|regionale|art. 3 l.r. 31 agosto 1993, n. 47|art. 3 l.r. 31 agosto 1993, n. 47||articolo-3|L|REGIONE||||||||47|||||1993-08-31||||||||||||
Sentenza_U13_1015_2022.json|A1|Se la società ricorrente, in qualità di soggetto erogatore d|3|||caselaw|nazionale|Cass., sez. V civ., 29 ottobre 2020, n. 23883|Cass., sez. V civ., 29 ottobre 2020, n. 23883||||CORTE_CASS||||5||||23883||||CIVILE|2020-10-29|||||||||https://e-justice.europa.eu/ecli/it/ECLI:IT:CASS:2020:23883CIV.html|CASS:2020:23883CIV||
Sentenza_U13_1015_2022.json|A1|Se la società ricorrente, in qualità di soggetto erogatore d|4|||caselaw|nazionale|Cass., SS.UU. 16 febbraio 2016, n. 2951|Cass., SS.UU. 16 febbraio 2016, n. 2951||||CORTE_CASS||||UNITE||||2951|||||2016-02-16||||||||||||
Sentenza_U13_1015_2022.json|A1|Se la società ricorrente, in qualità di soggetto erogatore d|5|||caselaw|nazionale|Cass. 15 maggio 2018, n. 11744|Cass. 15 maggio 2018, n. 11744||||CORTE_CASS||||||||11744|||||2018-05-15||||||||||||
Sentenza_U13_1015_2022.json|A2|Se la società ricorrente, in qualità di soggetto erogatore d|1|||legislation|nazionale|Art. 6 co.1 lett. c), L.158/90|Art. 6 co.1 lett. c), L.158/90||articolo-6_comma-1_lettera-c|L|||||||||158|1990|||||||||||||http://www.normattiva.it/uri-res/N2Ls?urn:nir:stato:legge:1990;158~art6-comma1-letc|legge:1990;158|legge:1990;158_articolo-6|legge:1990;158_articolo-6_comma-1
Sentenza_U13_1015_2022.json|A2|Se la società ricorrente, in qualità di soggetto erogatore d|2|||legislation|nazionale|art. 3 dl 271/1957|art. 3 dl 271/1957||articolo-3|DL|||||||||271|1957|||||||||||||http://www.normattiva.it/uri-res/N2Ls?urn:nir:stato:decreto.legge:1957;271~art3|decreto.legge:1957;271|decreto.legge:1957;271_articolo-3|
Sentenza_U13_1015_2022.json|A2|Se la società ricorrente, in qualità di soggetto erogatore d|3|||legislation|nazionale|art. 81 cpc|art. 81 cpc|COD_PROC_CIV|articolo-81||||||||||||||||||||||||http://www.normattiva.it/uri-res/N2Ls?urn:nir:stato:regio.decreto:1940-10-28;1443:1~art81|COD_PROC_CIV|COD_PROC_CIV_articolo-81|
Sentenza_U13_1015_2022.json|A2|Se la società ricorrente, in qualità di soggetto erogatore d|4|||caselaw|nazionale|Cass. civ sez V 23883/2020|Cass. civ sez V 23883/2020 SS.UU. civili 2951/2016 Cass civ sez III 11744/2018||||CORTE_CASS||||5||||23883|2020|||CIVILE||||||||||https://e-justice.europa.eu/ecli/it/ECLI:IT:CASS:2020:23883CIV.html|CASS:2020:23883CIV||
Sentenza_U13_1015_2022.json|A2|Se la società ricorrente, in qualità di soggetto erogatore d|5|||caselaw|nazionale|SS.UU. civili 2951/2016 Cass|Cass. civ sez V 23883/2020 SS.UU. civili 2951/2016 Cass civ sez III 11744/2018||||CORTE_CASS||||UNITE||||2951|2016|||CIVILE||||||||||https://e-justice.europa.eu/ecli/it/ECLI:IT:CASS:2016:2951CIV.html|CASS:2016:2951CIV||
Sentenza_U13_1015_2022.json|A2|Se la società ricorrente, in qualità di soggetto erogatore d|6|||caselaw|nazionale|civ sez III 11744/2018|Cass. civ sez V 23883/2020 SS.UU. civili 2951/2016 Cass civ sez III 11744/2018||||CORTE_CASS||||3||||11744|2018|||CIVILE||||||||||https://e-justice.europa.eu/ecli/it/ECLI:IT:CASS:2018:11744CIV.html|CASS:2018:11744CIV||
Sentenza_U17_119_2022.json|A1|Se l'Ufficio abbia adempiuto al proprio onere probatorio rig|1|||caselaw|nazionale|Cass. 13 febbraio 2018 n. 3473|Cass. 13 febbraio 2018 n. 3473||||CORTE_CASS||||||||3473|||||2018-02-13||||||||||||
Sentenza_U17_119_2022.json|A2|Se l'Ufficio abbia adempiuto al proprio onere probatorio rig|1|||caselaw|nazionale|Cass. 13 febbraio 2018 n. 3473|Cass. 13 febbraio 2018 n. 3473||||CORTE_CASS||||||||3473|||||2018-02-13||||||||||||
Sentenza_U24_1913_2022.json|A1|Se l'Ufficio, in mancanza di risposta ai questionari da part|1|||legislation|nazionale|art. 39, comma 2, lett. d-bis, d.P.R. n. 600/1973|art. 39, comma 2, lett. d-bis, d.P.R. n. 600/1973||articolo-39_comma-2_lettera-d-bis|DECR|PRES_REP||||||||600|1973|||||||||||||http://www.normattiva.it/uri-res/N2Ls?urn:nir:presidente.repubblica:decreto:1973;600~art39-comma2-letdbis|presidente.repubblica:decreto:1973;600|presidente.repubblica:decreto:1973;600_articolo-39|presidente.repubblica:decreto:1973;600_articolo-39_comma-2
Sentenza_U24_1913_2022.json|A1|Se l'Ufficio, in mancanza di risposta ai questionari da part|2|||legislation|nazionale|art. 32, comma 1, n. 3|art. 32, comma 1, n. 3 e 4, d.P.R. n. 600/1973||articolo-32_comma-1_numero-3|DECR|PRES_REP||||||||600|1973|||||||||||||http://www.normattiva.it/uri-res/N2Ls?urn:nir:presidente.repubblica:decreto:1973;600~art32-comma1-num3|presidente.repubblica:decreto:1973;600|presidente.repubblica:decreto:1973;600_articolo-32|presidente.repubblica:decreto:1973;600_articolo-32_comma-1
Sentenza_U24_1913_2022.json|A1|Se l'Ufficio, in mancanza di risposta ai questionari da part|3|||legislation|nazionale|4, d.P.R. n. 600/1973|art. 32, comma 1, n. 3 e 4, d.P.R. n. 600/1973||articolo-32_comma-1_numero-4|DECR|PRES_REP||||||||600|1973|||||||||||||http://www.normattiva.it/uri-res/N2Ls?urn:nir:presidente.repubblica:decreto:1973;600~art32-comma1-num4|presidente.repubblica:decreto:1973;600|presidente.repubblica:decreto:1973;600_articolo-32|presidente.repubblica:decreto:1973;600_articolo-32_comma-1
Sentenza_U24_1913_2022.json|A1|Se l'Ufficio, in mancanza di risposta ai questionari da part|4|||legislation|nazionale|art. 51, comma 2, n. 3|art. 51, comma 2, n. 3 e 4, d.P.R. n. 633/1972||articolo-51_comma-2_numero-3|DECR|PRES_REP||||||||633|1972|||||||||||||http://www.normattiva.it/uri-res/N2Ls?urn:nir:presidente.repubblica:decreto:1972;633~art51-comma2-num3|presidente.repubblica:decreto:1972;633|presidente.repubblica:decreto:1972;633_articolo-51|presidente.repubblica:decreto:1972;633_articolo-51_comma-2
Sentenza_U24_1913_2022.json|A1|Se l'Ufficio, in mancanza di risposta ai questionari da part|5|||legislation|nazionale|4, d.P.R. n. 633/1972|art. 51, comma 2, n. 3 e 4, d.P.R. n. 633/1972||articolo-51_comma-2_numero-4|DECR|PRES_REP||||||||633|1972|||||||||||||http://www.normattiva.it/uri-res/N2Ls?urn:nir:presidente.repubblica:decreto:1972;633~art51-comma2-num4|presidente.repubblica:decreto:1972;633|presidente.repubblica:decreto:1972;633_articolo-51|presidente.repubblica:decreto:1972;633_articolo-51_comma-2
Sentenza_U24_1913_2022.json|A1|Se l'Ufficio, in mancanza di risposta ai questionari da part|6|||caselaw|nazionale|Cass., Sez. V, 11 aprile 2018, n. 8923|Cass., Sez. V, 11 aprile 2018, n. 8923||||CORTE_CASS||||5||||8923|||||2018-04-11||||||||||||
Sentenza_U24_1913_2022.json|A1|Se l'Ufficio, in mancanza di risposta ai questionari da part|7|||caselaw|nazionale|Cass., Sez. V, 12 dicembre 2018, n. 32129|Cass., Sez. V, 12 dicembre 2018, n. 32129||||CORTE_CASS||||5||||32129|||||2018-12-12||||||||||||
Sentenza_U24_1913_2022.json|A1|Se l'Ufficio, in mancanza di risposta ai questionari da part|8|||caselaw|nazionale|Cass., Sez. V, 13 luglio 2018, n. 18695|Cass., Sez. V, 13 luglio 2018, n. 18695||||CORTE_CASS||||5||||18695|||||2018-07-13||||||||||||
Sentenza_U75_247_2021.json|A1|Se la sentenza della Commissione Tributaria Regionale dell'U|1|||caselaw|nazionale|CTR Umbria 556/2018|CTR Umbria 556/2018||||COMM_TRIBUT_REG|UMB|||||||556|2018||||||||||||||||
Sentenza_U75_247_2021.json|A1|Se l'Ica abbia agito con responsabilità aggravata ex art. 96|1|||legislation|nazionale|art. 96 c.p.c.|art. 96 c.p.c.|COD_PROC_CIV|articolo-96||||||||||||||||||||||||http://www.normattiva.it/uri-res/N2Ls?urn:nir:stato:regio.decreto:1940-10-28;1443:1~art96|COD_PROC_CIV|COD_PROC_CIV_articolo-96|
Sentenza_U75_247_2021.json|A1|Se l'Ica abbia agito con responsabilità aggravata ex art. 96|2|||legislation|nazionale|art. 15 c. 2 dlgs. 546/1992|art. 15 c. 2 dlgs. 546/1992||articolo-15_comma-2|DLGS|||||||||546|1992|||||||||||||http://www.normattiva.it/uri-res/N2Ls?urn:nir:stato:decreto.legislativo:1992;546~art15-comma2|decreto.legislativo:1992;546|decreto.legislativo:1992;546_articolo-15|decreto.legislativo:1992;546_articolo-15_comma-2
Sentenza_U91_11131_2023.json|A1|Se un contribuente impugni una cartella di pagamento relativ|1|||legislation|nazionale|art. 24 comma 5 dlgs 46/1999|art. 24 comma 5 dlgs 46/1999||articolo-24_comma-5|DLGS|||||||||46|1999|||||||||||||http://www.normattiva.it/uri-res/N2Ls?urn:nir:stato:decreto.legislativo:1999;46~art24-comma5|decreto.legislativo:1999;46|decreto.legislativo:1999;46_articolo-24|decreto.legislativo:1999;46_articolo-24_comma-5
Sentenza_U91_11131_2023.json|A1|Se un contribuente, impugnando un'avviso di intimazione di p|1|||legislation|nazionale|art. 43 dpr 600/1973|art. 43 dpr 600/1973||articolo-43|DECR|PRES_REP||||||||600|1973|||||||||||||http://www.normattiva.it/uri-res/N2Ls?urn:nir:presidente.repubblica:decreto:1973;600~art43|presidente.repubblica:decreto:1973;600|presidente.repubblica:decreto:1973;600_articolo-43|
Sentenza_U91_485_2022.json|A1|Se il contribuente impugni un atto che include riferimenti a|1|||legislation|nazionale|art. 14, comma 3 bis, D.P.R. n. 115/2002|art. 14, comma 3 bis, D.P.R. n. 115/2002||articolo-14_comma-3-bis|DECR|PRES_REP||||||||115|2002|||||||||||||http://www.normattiva.it/uri-res/N2Ls?urn:nir:presidente.repubblica:decreto:2002;115~art14-comma3bis|presidente.repubblica:decreto:2002;115|presidente.repubblica:decreto:2002;115_articolo-14|presidente.repubblica:decreto:2002;115_articolo-14_comma-3-bis
Sentenza_U91_485_2022.json|A1|Se il contribuente impugni un atto che include riferimenti a|2|||legislation|nazionale|art. 13, comma 6 quater, D.P.R. n. 115/2002|art. 13, comma 6 quater, D.P.R. n. 115/2002||articolo-13_comma-6-quater|DECR|PRES_REP||||||||115|2002|||||||||||||http://www.normattiva.it/uri-res/N2Ls?urn:nir:presidente.repubblica:decreto:2002;115~art13-comma6quater|presidente.repubblica:decreto:2002;115|presidente.repubblica:decreto:2002;115_articolo-13|presidente.repubblica:decreto:2002;115_articolo-13_comma-6-quater
Sentenza_U91_485_2022.json|A2|Se il contribuente impugni un atto che include riferimenti a|1|||legislation|nazionale|art. 14 co. 3 bis dPR 115/2002|art. 14 co. 3 bis dPR 115/2002||articolo-14_comma-3-bis|DECR|PRES_REP||||||||115|2002|||||||||||||http://www.normattiva.it/uri-res/N2Ls?urn:nir:presidente.repubblica:decreto:2002;115~art14-comma3bis|presidente.repubblica:decreto:2002;115|presidente.repubblica:decreto:2002;115_articolo-14|presidente.repubblica:decreto:2002;115_articolo-14_comma-3-bis
Sentenza_U91_485_2022.json|A2|Se il contribuente impugni un atto che include riferimenti a|2|||legislation|nazionale|art. 13 co. 6 quater dPR 115/2002|art. 13 co. 6 quater dPR 115/2002||articolo-13_comma-6-quater|DECR|PRES_REP||||||||115|2002|||||||||||||http://www.normattiva.it/uri-res/N2Ls?urn:nir:presidente.repubblica:decreto:2002;115~art13-comma6quater|presidente.repubblica:decreto:2002;115|presidente.repubblica:decreto:2002;115_articolo-13|presidente.repubblica:decreto:2002;115_articolo-13_comma-6-quater
Sentenza_U91_5452_2021.json|A1|Se l'Amministrazione finanziaria possa legittimamente sospen|1|||legislation|nazionale|art. 19 del decreto legislativo 546/92|art. 19 del decreto legislativo 546/92||articolo-19|DLGS|||||||||546|1992|||||||||||||http://www.normattiva.it/uri-res/N2Ls?urn:nir:stato:decreto.legislativo:1992;546~art19|decreto.legislativo:1992;546|decreto.legislativo:1992;546_articolo-19|
Sentenza_U91_5452_2021.json|A1|Se l'Amministrazione finanziaria possa legittimamente sospen|2|||legislation|nazionale|art. 23 dlgs. 472/1997|art. 23 dlgs. 472/1997||articolo-23|DLGS|||||||||472|1997|||||||||||||http://www.normattiva.it/uri-res/N2Ls?urn:nir:stato:decreto.legislativo:1997;472~art23|decreto.legislativo:1997;472|decreto.legislativo:1997;472_articolo-23|
Sentenza_U91_5452_2021.json|A1|Se l'Amministrazione finanziaria possa legittimamente sospen|3|||legislation|nazionale|art. 69 del r.d. 2440/1923|art. 69 del r.d. 2440/1923||articolo-69|DECR|RE||||||||2440|1923|||||||||||||http://www.normattiva.it/uri-res/N2Ls?urn:nir:re:decreto:1923;2440~art69|re:decreto:1923;2440|re:decreto:1923;2440_articolo-69|
Sentenza_U91_5452_2021.json|A1|Se l'Amministrazione finanziaria possa legittimamente sospen|4|||legislation|nazionale|art. 38 bis c. 3 dpr 633/1972|art. 38 bis c. 3 dpr 633/1972||articolo-38-bis_comma-3|DECR|PRES_REP||||||||633|1972|||||||||||||http://www.normattiva.it/uri-res/N2Ls?urn:nir:presidente.repubblica:decreto:1972;633~art38bis-comma3|presidente.repubblica:decreto:1972;633|presidente.repubblica:decreto:1972;633_articolo-38-bis|presidente.repubblica:decreto:1972;633_articolo-38-bis_comma-3
Sentenza_U91_5452_2021.json|A1|Se l'Amministrazione finanziaria possa legittimamente sospen|5|||legislation|nazionale|art. 4, comma 1, n. 5 d.l. n. 429 del 1982|art. 4, comma 1, n. 5 d.l. n. 429 del 1982||articolo-4_comma-1_numero-5|DL|||||||||429|1982|||||||||||||http://www.normattiva.it/uri-res/N2Ls?urn:nir:stato:decreto.legge:1982;429~art4-comma1-num5|decreto.legge:1982;429|decreto.legge:1982;429_articolo-4|decreto.legge:1982;429_articolo-4_comma-1
Sentenza_U91_5452_2021.json|A1|Se l'Amministrazione finanziaria possa legittimamente sospen|6|||legislation|nazionale|dlgs. n. 74 del 2000|dlgs. n. 74 del 2000|||DLGS|||||||||74|2000|||||||||||||http://www.normattiva.it/uri-res/N2Ls?urn:nir:stato:decreto.legislativo:2000;74|decreto.legislativo:2000;74||
Sentenza_U91_5452_2021.json|A1|Se l'Amministrazione finanziaria possa legittimamente sospen|7|||caselaw|nazionale|Suprema Corte , Sezioni Unite 31.01.2020 n. 2320|Suprema Corte , Sezioni Unite 31.01.2020 n. 2320 Cass. n. 15424 del 2009||||CORTE_CASS||||UNITE||||2320|||||2020-01-31||||||||||||
Sentenza_U91_5452_2021.json|A1|Se l'Amministrazione finanziaria possa legittimamente sospen|8|||caselaw|nazionale|Cass. n. 15424 del 2009|Suprema Corte , Sezioni Unite 31.01.2020 n. 2320 Cass. n. 15424 del 2009||||CORTE_CASS||||||||15424|2009||||||||||||||||
Sentenza_U91_5452_2021.json|A1|Se l'Amministrazione finanziaria possa legittimamente sospen|9|||legislation|nazionale|art. 24 della legge 4/29|art. 24 della legge 4/29||articolo-24|L|||||||||4|1929|||||||||||||http://www.normattiva.it/uri-res/N2Ls?urn:nir:stato:legge:1929;4~art24|legge:1929;4|legge:1929;4_articolo-24|
Sentenza_U91_5452_2021.json|A2|Se l'Amministrazione finanziaria possa legittimamente sospen|1|||legislation|nazionale|art. 19 del decreto legislativo 546/92|art. 19 del decreto legislativo 546/92||articolo-19|DLGS|||||||||546|1992|||||||||||||http://www.normattiva.it/uri-res/N2Ls?urn:nir:stato:decreto.legislativo:1992;546~art19|decreto.legislativo:1992;546|decreto.legislativo:1992;546_articolo-19|
Sentenza_U91_5452_2021.json|A2|Se l'Amministrazione finanziaria possa legittimamente sospen|2|||legislation|nazionale|art. 23 dlgs. 472/1997|art. 23 dlgs. 472/1997||articolo-23|DLGS|||||||||472|1997|||||||||||||http://www.normattiva.it/uri-res/N2Ls?urn:nir:stato:decreto.legislativo:1997;472~art23|decreto.legislativo:1997;472|decreto.legislativo:1997;472_articolo-23|
Sentenza_U91_5452_2021.json|A2|Se l'Amministrazione finanziaria possa legittimamente sospen|3|||legislation|nazionale|art. 69 del r.d. 2440/1923|art. 69 del r.d. 2440/1923||articolo-69|DECR|RE||||||||2440|1923|||||||||||||http://www.normattiva.it/uri-res/N2Ls?urn:nir:re:decreto:1923;2440~art69|re:decreto:1923;2440|re:decreto:1923;2440_articolo-69|
Sentenza_U91_5452_2021.json|A2|Se l'Amministrazione finanziaria possa legittimamente sospen|4|||legislation|nazionale|art. 38 bis c. 3 dpr 633/1972|art. 38 bis c. 3 dpr 633/1972||articolo-38-bis_comma-3|DECR|PRES_REP||||||||633|1972|||||||||||||http://www.normattiva.it/uri-res/N2Ls?urn:nir:presidente.repubblica:decreto:1972;633~art38bis-comma3|presidente.repubblica:decreto:1972;633|presidente.repubblica:decreto:1972;633_articolo-38-bis|presidente.repubblica:decreto:1972;633_articolo-38-bis_comma-3
Sentenza_U91_5452_2021.json|A2|Se l'Amministrazione finanziaria possa legittimamente sospen|5|||legislation|nazionale|art. 4, comma 1, n. 5 d.l. n. 429 del 1982|art. 4, comma 1, n. 5 d.l. n. 429 del 1982||articolo-4_comma-1_numero-5|DL|||||||||429|1982|||||||||||||http://www.normattiva.it/uri-res/N2Ls?urn:nir:stato:decreto.legge:1982;429~art4-comma1-num5|decreto.legge:1982;429|decreto.legge:1982;429_articolo-4|decreto.legge:1982;429_articolo-4_comma-1
Sentenza_U91_5452_2021.json|A2|Se l'Amministrazione finanziaria possa legittimamente sospen|6|||legislation|nazionale|dlgs. n. 74 del 2000|dlgs. n. 74 del 2000|||DLGS|||||||||74|2000|||||||||||||http://www.normattiva.it/uri-res/N2Ls?urn:nir:stato:decreto.legislativo:2000;74|decreto.legislativo:2000;74||
Sentenza_U91_5452_2021.json|A2|Se l'Amministrazione finanziaria possa legittimamente sospen|7|||caselaw|nazionale|Suprema Corte , Sezioni Unite 31.01.2020 n. 2320|Suprema Corte , Sezioni Unite 31.01.2020 n. 2320 Cass. n. 15424 del 2009||||CORTE_CASS||||UNITE||||2320|||||2020-01-31||||||||||||
Sentenza_U91_5452_2021.json|A2|Se l'Amministrazione finanziaria possa legittimamente sospen|8|||caselaw|nazionale|Cass. n. 15424 del 2009|Suprema Corte , Sezioni Unite 31.01.2020 n. 2320 Cass. n. 15424 del 2009||||CORTE_CASS||||||||15424|2009||||||||||||||||
Sentenza_U91_5452_2021.json|A2|Se l'Amministrazione finanziaria possa legittimamente sospen|9|||legislation|nazionale|art. 24 della legge 4/29|art. 24 della legge 4/29||articolo-24|L|||||||||4|1929|||||||||||||http://www.normattiva.it/uri-res/N2Ls?urn:nir:stato:legge:1929;4~art24|legge:1929;4|legge:1929;4_articolo-24|
Sentenza_U93_56_2022.json|A2|Se l'iscrizione ipotecaria sia nulla per mancata notifica de|1|||legislation|nazionale|Art. 77 dPR 602/73|Art. 77 dPR 602/73||articolo-77|DECR|PRES_REP||||||||602|1973|||||||||||||http://www.normattiva.it/uri-res/N2Ls?urn:nir:presidente.repubblica:decreto:1973;602~art77|presidente.repubblica:decreto:1973;602|presidente.repubblica:decreto:1973;602_articolo-77|
Sentenza_U93_56_2022.json|A2|Se il termine di cui all'art. 50 comma 3 dpr 602/73, relativ|1|||legislation|nazionale|Art. 50 co.3 dPR 602/73|Art. 50 co.3 dPR 602/73||articolo-50_comma-3|DECR|PRES_REP||||||||602|1973|||||||||||||http://www.normattiva.it/uri-res/N2Ls?urn:nir:presidente.repubblica:decreto:1973;602~art50-comma3|presidente.repubblica:decreto:1973;602|presidente.repubblica:decreto:1973;602_articolo-50|presidente.repubblica:decreto:1973;602_articolo-50_comma-3
Sentenza_U93_56_2022.json|A2|Se il termine di cui all'art. 50 comma 3 dpr 602/73, relativ|2|||legislation|nazionale|Art. 2808 cc|Art. 2808 cc|COD_CIV|articolo-2808||||||||||||||||||||||||http://www.normattiva.it/uri-res/N2Ls?urn:nir:stato:regio.decreto:1942-03-16;262:2~art2808|COD_CIV|COD_CIV_articolo-2808|
Sentenza_V06_822_2023.json|A1|Se l'Agente della Riscossione, ometta di notificare al contr|1|||legislation|nazionale|art. 77 comma 2-bis d.p.r. 602/1973|art. 77 comma 2-bis d.p.r. 602/1973||articolo-77_comma-2-bis|DECR|PRES_REP||||||||602|1973|||||||||||||http://www.normattiva.it/uri-res/N2Ls?urn:nir:presidente.repubblica:decreto:1973;602~art77-comma2bis|presidente.repubblica:decreto:1973;602|presidente.repubblica:decreto:1973;602_articolo-77|presidente.repubblica:decreto:1973;602_articolo-77_comma-2-bis
Sentenza_V06_822_2023.json|A1|Se l'Agente della Riscossione, ometta di notificare al contr|2|||caselaw|nazionale|Cass. 13314/2021|Cass. 13314/2021||||CORTE_CASS||||||||13314|2021||||||||||||||||
Sentenza_V06_822_2023.json|A2|Se l'Agente della Riscossione, ometta di notificare al contr|1|||legislation|nazionale|art. 77 comma 2-bis dpr 602/1973|art. 77 comma 2-bis dpr 602/1973||articolo-77_comma-2-bis|DECR|PRES_REP||||||||602|1973|||||||||||||http://www.normattiva.it/uri-res/N2Ls?urn:nir:presidente.repubblica:decreto:1973;602~art77-comma2bis|presidente.repubblica:decreto:1973;602|presidente.repubblica:decreto:1973;602_articolo-77|presidente.repubblica:decreto:1973;602_articolo-77_comma-2-bis
Sentenza_V06_822_2023.json|A2|Se l'Agente della Riscossione, ometta di notificare al contr|2|||caselaw|nazionale|cass n. 13314/2021|cass n. 13314/2021||||CORTE_CASS||||||||13314|2021||||||||||||||||
Sentenza_V10_10757_2023.json|A1|Se i movimenti finanziari rilevati su conti correnti intesta|1|||legislation|nazionale|art. 32, comma 1, n. 2 del D.P.R. n. 600/1973|art. 32, comma 1, n. 2 del D.P.R. n. 600/1973||articolo-32_comma-1_numero-2|DECR|PRES_REP||||||||600|1973|||||||||||||http://www.normattiva.it/uri-res/N2Ls?urn:nir:presidente.repubblica:decreto:1973;600~art32-comma1-num2|presidente.repubblica:decreto:1973;600|presidente.repubblica:decreto:1973;600_articolo-32|presidente.repubblica:decreto:1973;600_articolo-32_comma-1
Sentenza_V10_10757_2023.json|A1|Se i movimenti finanziari rilevati su conti correnti intesta|2|||legislation|nazionale|artt. 38|artt. 38, 39, 40, 41 del D.P.R. n. 600/1973||articolo-38|DECR|PRES_REP||||||||600|1973|||||||||||||http://www.normattiva.it/uri-res/N2Ls?urn:nir:presidente.repubblica:decreto:1973;600~art38|presidente.repubblica:decreto:1973;600|presidente.repubblica:decreto:1973;600_articolo-38|
Sentenza_V10_10757_2023.json|A1|Se i movimenti finanziari rilevati su conti correnti intesta|3|||legislation|nazionale|39|artt. 38, 39, 40, 41 del D.P.R. n. 600/1973||articolo-39|DECR|PRES_REP||||||||600|1973|||||||||||||http://www.normattiva.it/uri-res/N2Ls?urn:nir:presidente.repubblica:decreto:1973;600~art39|presidente.repubblica:decreto:1973;600|presidente.repubblica:decreto:1973;600_articolo-39|
Sentenza_V10_10757_2023.json|A1|Se i movimenti finanziari rilevati su conti correnti intesta|4|||legislation|nazionale|40|artt. 38, 39, 40, 41 del D.P.R. n. 600/1973||articolo-40|DECR|PRES_REP||||||||600|1973|||||||||||||http://www.normattiva.it/uri-res/N2Ls?urn:nir:presidente.repubblica:decreto:1973;600~art40|presidente.repubblica:decreto:1973;600|presidente.repubblica:decreto:1973;600_articolo-40|
Sentenza_V10_10757_2023.json|A1|Se i movimenti finanziari rilevati su conti correnti intesta|5|||legislation|nazionale|41 del D.P.R. n. 600/1973|artt. 38, 39, 40, 41 del D.P.R. n. 600/1973||articolo-41|DECR|PRES_REP||||||||600|1973|||||||||||||http://www.normattiva.it/uri-res/N2Ls?urn:nir:presidente.repubblica:decreto:1973;600~art41|presidente.repubblica:decreto:1973;600|presidente.repubblica:decreto:1973;600_articolo-41|
Sentenza_V10_10757_2023.json|A1|Se i movimenti finanziari rilevati su conti correnti intesta|6|||caselaw|nazionale|Cassazione, sentenza n. 13391/2003|Cassazione, sentenza n. 13391/2003|||SENT|CORTE_CASS||||||||13391|2003||||||||||||||||
Sentenza_V10_10757_2023.json|A1|Se i movimenti finanziari rilevati su conti correnti intesta|7|||caselaw|nazionale|Cassazione, sentenza n. 6910/2003|Cassazione, sentenza n. 6910/2003|||SENT|CORTE_CASS||||||||6910|2003||||||||||||||||
Sentenza_V10_10757_2023.json|A1|Se i movimenti finanziari rilevati su conti correnti intesta|8|||caselaw|nazionale|Cassazione, sentenza n. 8683/2002|Cassazione, sentenza n. 8683/2002|||SENT|CORTE_CASS||||||||8683|2002||||||||||||||||
Sentenza_V10_10757_2023.json|A1|Se i movimenti finanziari rilevati su conti correnti intesta|9|||caselaw|nazionale|Cassazione, sentenza n. 2738/ 2001|Cassazione, sentenza n. 2738/ 2001|||SENT|CORTE_CASS||||||||2738|2001||||||||||||||||
Sentenza_V10_10757_2023.json|A1|Se i movimenti finanziari rilevati su conti correnti intesta|10|||caselaw|nazionale|Cassazione, sentenza n. 4987/2003|Cassazione, sentenza n. 4987/2003|||SENT|CORTE_CASS||||||||4987|2003||||||||||||||||
Sentenza_V10_10757_2023.json|A1|Se i movimenti finanziari rilevati su conti correnti intesta|11|||legislation|nazionale|circolare n. 32/E del 19/10/2006 dell’Agenzia delle Entrate|circolare n. 32/E del 19/10/2006 dell’Agenzia delle Entrate|||CIRC|||||||AG_ENTRATE||32||32/E|||2006-10-19||||||||||||
Sentenza_V10_10757_2023.json|A1|Se i movimenti finanziari rilevati su conti correnti intesta|12|||legislation|nazionale|circolare n. 32/E del 19/10/2006 dell’Agenzia delle Entrate|circolare n. 32/E del 19/10/2006 dell’Agenzia delle Entrate|||CIRC|||||||AG_ENTRATE||32||32/E|||2006-10-19||||||||||||
Sentenza_V10_10757_2023.json|A1|Se i movimenti finanziari rilevati su conti correnti intesta|13|||legislation|nazionale|art. 39 c. 2 d.p.r. 600/1973|art. 39 c. 2 d.p.r. 600/1973||articolo-39_comma-2|DECR|PRES_REP||||||||600|1973|||||||||||||http://www.normattiva.it/uri-res/N2Ls?urn:nir:presidente.repubblica:decreto:1973;600~art39-comma2|presidente.repubblica:decreto:1973;600|presidente.repubblica:decreto:1973;600_articolo-39|presidente.repubblica:decreto:1973;600_articolo-39_comma-2
Sentenza_V10_10757_2023.json|A1|Se i movimenti finanziari rilevati su conti correnti intesta|14|||legislation|nazionale|633/1972|633/1972|||DECR|PRES_REP||||||||633|1972|||||||||||||http://www.normattiva.it/uri-res/N2Ls?urn:nir:presidente.repubblica:decreto:1972;633|presidente.repubblica:decreto:1972;633||
Sentenza_V10_10757_2023.json|A1|Se i movimenti finanziari rilevati su conti correnti intesta|15|||legislation|nazionale|art. 51 d.p.r. 633/1972|art. 51 d.p.r. 633/1972||articolo-51|DECR|PRES_REP||||||||633|1972|||||||||||||http://www.normattiva.it/uri-res/N2Ls?urn:nir:presidente.repubblica:decreto:1972;633~art51|presidente.repubblica:decreto:1972;633|presidente.repubblica:decreto:1972;633_articolo-51|
Sentenza_V10_10757_2023.json|A1|Se i movimenti finanziari rilevati su conti correnti intesta|16|||caselaw|nazionale|Cass. 19493/2010|Cass. 19493/2010||||CORTE_CASS||||||||19493|2010||||||||||||||||
Sentenza_V10_10757_2023.json|A1|Se i movimenti finanziari rilevati su conti correnti intesta|17|||caselaw|nazionale|Cass. n. 1728 del 1999, 8683|Cass. n. 1728 del 1999, 8683 del 200||||CORTE_CASS||||||||1728|1999||||||||||||||||
Sentenza_V10_10757_2023.json|A1|Se i movimenti finanziari rilevati su conti correnti intesta|18|||caselaw|nazionale|200|Cass. n. 1728 del 1999, 8683 del 200||||CORTE_CASS||||||||200|||||||||||||||||
Sentenza_V10_10757_2023.json|A1|Se i movimenti finanziari rilevati su conti correnti intesta|19|||caselaw|nazionale|cass. 13391 del 2003|cass. 13391 del 2003|||SENT|CORTE_CASS||||||||13391|2003||||||||||||||||
Sentenza_V10_10757_2023.json|A1|Se i movimenti finanziari rilevati su conti correnti intesta|20|||caselaw|nazionale|cass. 4357 del 2007|cass. 4357 del 2007||||CORTE_CASS||||||||4357|2007||||||||||||||||
Sentenza_V10_10757_2023.json|A1|Se i movimenti finanziari rilevati su conti correnti intesta|21|||caselaw|nazionale|cass. 6743 del 2007|cass. 6743 del 2007||||CORTE_CASS||||||||6743|2007||||||||||||||||
Sentenza_V10_10757_2023.json|A1|Se i movimenti finanziari rilevati su conti correnti intesta|22|||caselaw|nazionale|cass. 27032 del 2007|cass. 27032 del 2007, cass. 19362 del 2008||||CORTE_CASS||||||||27032|2007||||||||||||||||
Sentenza_V10_10757_2023.json|A1|Se i movimenti finanziari rilevati su conti correnti intesta|23|||caselaw|nazionale|cass. 19362 del 2008|cass. 27032 del 2007, cass. 19362 del 2008||||CORTE_CASS||||||||19362|2008||||||||||||||||
Sentenza_V10_10757_2023.json|A1|Se i movimenti finanziari rilevati su conti correnti intesta|24|||caselaw|nazionale|cass. 20197 del 2010|cass. 20197 del 2010||||CORTE_CASS||||||||20197|2010||||||||||||||||
Sentenza_V10_10757_2023.json|A1|Se i movimenti finanziari rilevati su conti correnti intesta|25|||legislation|nazionale|art. 2729 c.c.|art. 2729 c.c.|COD_CIV|articolo-2729||||||||||||||||||||||||http://www.normattiva.it/uri-res/N2Ls?urn:nir:stato:regio.decreto:1942-03-16;262:2~art2729|COD_CIV|COD_CIV_articolo-2729|
Sentenza_V10_10757_2023.json|A1|Se i movimenti finanziari rilevati su conti correnti intesta|26|||caselaw|nazionale|Cass. 18339/2009|Cass. 18339/2009||||CORTE_CASS||||||||18339|2009||||||||||||||||
Sentenza_V10_10757_2023.json|A1|Se l'avviso di accertamento sia illegittimo per mancata alle|1|||legislation|nazionale|art. 7 l. 212/2000|art. 7 l. 212/2000||articolo-7|L|||||||||212|2000|||||||||||||http://www.normattiva.it/uri-res/N2Ls?urn:nir:stato:legge:2000;212~art7|legge:2000;212|legge:2000;212_articolo-7|
Sentenza_V10_10757_2023.json|A1|Se l'avviso di accertamento sia illegittimo per mancata alle|2|||legislation|nazionale|art. 7 dlgs. 32/2001|art. 7 dlgs. 32/2001||articolo-7|DLGS|||||||||32|2001|||||||||||||http://www.normattiva.it/uri-res/N2Ls?urn:nir:stato:decreto.legislativo:2001;32~art7|decreto.legislativo:2001;32|decreto.legislativo:2001;32_articolo-7|
Sentenza_V10_10757_2023.json|A1|Se l'avviso di accertamento sia illegittimo per mancata alle|3|||caselaw|nazionale|Cass. 6232/2003|Cass. 6232/2003||||CORTE_CASS||||||||6232|2003||||||||||||||||
Sentenza_V10_14484_2023.json|A1|Se il contribuente eccepisca la illegittimità della sottoscr|1|||caselaw|nazionale|Cass. trib., 07/08/2020, n. 16844|Cass. trib., 07/08/2020, n. 16844||||CORTE_CASS||||TRIBUTARIA||||16844||||CIVILE|2020-08-07|||||||||https://e-justice.europa.eu/ecli/it/ECLI:IT:CASS:2020:16844CIV.html|CASS:2020:16844CIV||
Sentenza_V10_14484_2023.json|A1|Se il contribuente eccepisca la illegittimità della sottoscr|2|||caselaw|nazionale|Cass. 13/12/2021, n. 39747|Cass. 13/12/2021, n. 39747||||CORTE_CASS||||||||39747|||||2021-12-13||||||||||||
Sentenza_V10_14484_2023.json|A1|Se il contribuente eccepisca la illegittimità della sottoscr|3|||caselaw|nazionale|Cass. sez. trib., 21/02/2022, n. 5516|Cass. sez. trib., 21/02/2022, n. 5516||||CORTE_CASS||||TRIBUTARIA||||5516||||CIVILE|2022-02-21|||||||||https://e-justice.europa.eu/ecli/it/ECLI:IT:CASS:2022:5516CIV.html|CASS:2022:5516CIV||
Sentenza_V10_14484_2023.json|A1|Se l’IVA detratta in fase di acquisto di un immobile in reve|1|||legislation|nazionale|art. 19, comma 2, d.p.r. 633/72|art. 19, comma 2, d.p.r. 633/72||articolo-19_comma-2|DECR|PRES_REP||||||||633|1972|||||||||||||http://www.normattiva.it/uri-res/N2Ls?urn:nir:presidente.repubblica:decreto:1972;633~art19-comma2|presidente.repubblica:decreto:1972;633|presidente.repubblica:decreto:1972;633_articolo-19|presidente.repubblica:decreto:1972;633_articolo-19_comma-2
Sentenza_V10_14619_2023.json|A2|Se la clausola penale inserita in un contratto costituisca u|1|||legislation|nazionale|Art. 1382 cc|Art. 1382 cc|COD_CIV|articolo-1382||||||||||||||||||||||||http://www.normattiva.it/uri-res/N2Ls?urn:nir:stato:regio.decreto:1942-03-16;262:2~art1382|COD_CIV|COD_CIV_articolo-1382|
Sentenza_V10_14619_2023.json|A2|Se la clausola penale inserita in un contratto costituisca u|2|||legislation|nazionale|Art. 15 co.1 dPR 633/1972|Art. 15 co.1 dPR 633/1972||articolo-15_comma-1|DECR|PRES_REP||||||||633|1972|||||||||||||http://www.normattiva.it/uri-res/N2Ls?urn:nir:presidente.repubblica:decreto:1972;633~art15-comma1|presidente.repubblica:decreto:1972;633|presidente.repubblica:decreto:1972;633_articolo-15|presidente.repubblica:decreto:1972;633_articolo-15_comma-1
Sentenza_V10_14619_2023.json|A2|Se la clausola penale inserita in un contratto costituisca u|3|||legislation|nazionale|Art. 40 TUR|Art. 40 TUR|TU_IMPOSTA_REGISTRO|articolo-40||||||||||||||||||||||||http://www.normattiva.it/uri-res/N2Ls?urn:nir:stato:regio.decreto:1986-04-26;131~art40|TU_IMPOSTA_REGISTRO|TU_IMPOSTA_REGISTRO_articolo-40|
Sentenza_V10_14619_2023.json|A2|Se la clausola penale inserita in un contratto costituisca u|4|||legislation|nazionale|Art. 21 co.1 TUR|Art. 21 co.1 TUR|TU_IMPOSTA_REGISTRO|articolo-21_comma-1||||||||||||||||||||||||http://www.normattiva.it/uri-res/N2Ls?urn:nir:stato:regio.decreto:1986-04-26;131~art21-comma1|TU_IMPOSTA_REGISTRO|TU_IMPOSTA_REGISTRO_articolo-21|TU_IMPOSTA_REGISTRO_articolo-21_comma-1
Sentenza_V10_14619_2023.json|A2|Se la clausola penale inserita in un contratto costituisca u|5|||legislation|nazionale|Art. 21 co. 2 TUR|Art. 21 co. 2 TUR|TU_IMPOSTA_REGISTRO|articolo-21_comma-2||||||||||||||||||||||||http://www.normattiva.it/uri-res/N2Ls?urn:nir:stato:regio.decreto:1986-04-26;131~art21-comma2|TU_IMPOSTA_REGISTRO|TU_IMPOSTA_REGISTRO_articolo-21|TU_IMPOSTA_REGISTRO_articolo-21_comma-2
Sentenza_V10_14727_2023.json|A1|Se la notifica di una cartella esattoriale avvenga nelle man|1|||legislation|nazionale|art. 60 lett. b bis d.p.r. 600/1973|art. 60 lett. b bis d.p.r. 600/1973||articolo-60_lettera-b-bis|DECR|PRES_REP||||||||600|1973|||||||||||||http://www.normattiva.it/uri-res/N2Ls?urn:nir:presidente.repubblica:decreto:1973;600~art60-letbbis|presidente.repubblica:decreto:1973;600|presidente.repubblica:decreto:1973;600_articolo-60|
Sentenza_V10_14727_2023.json|A1|Se la notifica di una cartella esattoriale avvenga nelle man|2|||caselaw|nazionale|Cass. 27446/2022|Cass. 27446/2022||||CORTE_CASS||||||||27446|2022||||||||||||||||
Sentenza_V10_14727_2023.json|A1|Se la notifica di una cartella esattoriale avvenga nelle man|3|||caselaw|nazionale|Cass. 2868/2017|Cass. 2868/2017||||CORTE_CASS||||||||2868|2017||||||||||||||||
Sentenza_V10_14727_2023.json|A2|Se la notifica di una cartella esattoriale avvenga nelle man|1|||legislation|nazionale|art. 60 dpr 600/73|dell’art. 60 dpr 600/73||articolo-60|DECR|PRES_REP||||||||600|1973|||||||||||||http://www.normattiva.it/uri-res/N2Ls?urn:nir:presidente.repubblica:decreto:1973;600~art60|presidente.repubblica:decreto:1973;600|presidente.repubblica:decreto:1973;600_articolo-60|
Sentenza_V10_14727_2023.json|A2|Se la notifica di una cartella esattoriale avvenga nelle man|2|||caselaw|nazionale|Corte di Cassazione, con Ordinanza n. 27446 del 20/09/2022|Corte di Cassazione, con Ordinanza n. 27446 del 20/09/2022, Cass. V, n. 2868/2017|||ORD|CORTE_CASS||||||||27446|||||2022-09-20||||||||||||
Sentenza_V10_14727_2023.json|A2|Se la notifica di una cartella esattoriale avvenga nelle man|3|||caselaw|nazionale|Cass. V, n. 2868/2017|Corte di Cassazione, con Ordinanza n. 27446 del 20/09/2022, Cass. V, n. 2868/2017|||ORD|CORTE_CASS||||5||||2868|2017||||||||||||||||
Sentenza_V10_3453_2023.json|A2|Se siano decorsi più di cinque anni dalla notifica dell’ulti|1|||legislation|nazionale|art. 2948 c.c.|art. 2948 c.c.|COD_CIV|articolo-2948||||||||||||||||||||||||http://www.normattiva.it/uri-res/N2Ls?urn:nir:stato:regio.decreto:1942-03-16;262:2~art2948|COD_CIV|COD_CIV_articolo-2948|
Sentenza_V10_7817_2023.json|A2|Se il diritto dell'amministrazione al recupero della tassa a|1|||legislation|nazionale|Art 2934 cc|Art 2934 cc|COD_CIV|articolo-2934||||||||||||||||||||||||http://www.normattiva.it/uri-res/N2Ls?urn:nir:stato:regio.decreto:1942-03-16;262:2~art2934|COD_CIV|COD_CIV_articolo-2934|
Sentenza_V10_7817_2023.json|A2|Se il diritto dell'amministrazione al recupero della tassa a|2|||legislation|nazionale|5 d.l. 953/82|5 d.l. 953/82||articolo-5|DL|||||||||953|1982|||||||||||||http://www.normattiva.it/uri-res/N2Ls?urn:nir:stato:decreto.legge:1982;953~art5|decreto.legge:1982;953|decreto.legge:1982;953_articolo-5|
Sentenza_V10_8090_2023.json|A1|Se il termine di prescrizione per il recupero della tassa au|1|||legislation|nazionale|art. 3 l. 60/1986|art. 3 l. 60/1986||articolo-3|L|||||||||60|1986|||||||||||||http://www.normattiva.it/uri-res/N2Ls?urn:nir:stato:legge:1986;60~art3|legge:1986;60|legge:1986;60_articolo-3|
Sentenza_V10_8090_2023.json|A2|Se il termine di prescrizione per il recupero della tassa au|1|||legislation|nazionale|art. 3 l. 60/1983|art. 3 l. 60/1983||articolo-3|L|||||||||60|1983|||||||||||||http://www.normattiva.it/uri-res/N2Ls?urn:nir:stato:legge:1983;60~art3|legge:1983;60|legge:1983;60_articolo-3|
Sentenza_V16_372_2022.json|A1|Se l'Ufficio abbia legittimamente accertato un maggior reddi|1|||legislation|nazionale|D.L. 83/2012|D.L. 83/2012|||DL|||||||||83|2012|||||||||||||http://www.normattiva.it/uri-res/N2Ls?urn:nir:stato:decreto.legge:2012;83|decreto.legge:2012;83||
Sentenza_V20_830_2022.json|A2|Se un'area destinata a insediamenti produttivi, ma soggetta |1|||legislation|nazionale|Art 5 dlgs. 504/1992|Art 5 dlgs. 504/1992||articolo-5|DLGS|||||||||504|1992|||||||||||||http://www.normattiva.it/uri-res/N2Ls?urn:nir:stato:decreto.legislativo:1992;504~art5|decreto.legislativo:1992;504|decreto.legislativo:1992;504_articolo-5|
Sentenza_V20_830_2022.json|A2|Se un'area destinata a insediamenti produttivi, ma soggetta |2|||legislation|nazionale|Art. 7 dlgs 504/1992|Art. 7 dlgs 504/1992||articolo-7|DLGS|||||||||504|1992|||||||||||||http://www.normattiva.it/uri-res/N2Ls?urn:nir:stato:decreto.legislativo:1992;504~art7|decreto.legislativo:1992;504|decreto.legislativo:1992;504_articolo-7|
Sentenza_V20_830_2022.json|A2|Se un'area destinata a insediamenti produttivi, ma soggetta |3|||legislation|nazionale|Art. 59 dlgs 504/1992|Art. 59 dlgs 504/1992||articolo-59|DLGS|||||||||504|1992|||||||||||||http://www.normattiva.it/uri-res/N2Ls?urn:nir:stato:decreto.legislativo:1992;504~art59|decreto.legislativo:1992;504|decreto.legislativo:1992;504_articolo-59|
Sentenza_V20_830_2022.json|A2|Se un'area destinata a insediamenti produttivi, ma soggetta |4|||legislation|comunale|Delibera COmune di Faggiano n. 90/2003|Delibera COmune di Faggiano n. 90/2003|||DEL|COMUNE||D463||||||90|2003||||||||||||||||
Sentenza_V22_3848_2021.json|A2|Se l’avviso di accertamento TARI sia legittimamente emesso c|1|||legislation|nazionale|Art. 70 dlgs. 507/1993|Art. 70 dlgs. 507/1993||articolo-70|DLGS|||||||||507|1993|||||||||||||http://www.normattiva.it/uri-res/N2Ls?urn:nir:stato:decreto.legislativo:1993;507~art70|decreto.legislativo:1993;507|decreto.legislativo:1993;507_articolo-70|
Sentenza_V22_3848_2021.json|A2|Se l’avviso di accertamento TARI sia legittimamente emesso c|2|||legislation|nazionale|Art. 71 dlgs. 507/1993|Art. 71 dlgs. 507/1993||articolo-71|DLGS|||||||||507|1993|||||||||||||http://www.normattiva.it/uri-res/N2Ls?urn:nir:stato:decreto.legislativo:1993;507~art71|decreto.legislativo:1993;507|decreto.legislativo:1993;507_articolo-71|
Sentenza_V22_3848_2021.json|A2|Se l’avviso di accertamento TARI sia legittimamente emesso c|3|||legislation|nazionale|Art. 72 comma 1 dlgs. 507/1993|Art. 72 comma 1 dlgs. 507/1993||articolo-72_comma-1|DLGS|||||||||507|1993|||||||||||||http://www.normattiva.it/uri-res/N2Ls?urn:nir:stato:decreto.legislativo:1993;507~art72-comma1|decreto.legislativo:1993;507|decreto.legislativo:1993;507_articolo-72|decreto.legislativo:1993;507_articolo-72_comma-1
Sentenza_V22_3848_2021.json|A2|Se l’avviso di accertamento TARI sia legittimamente emesso c|4|||caselaw|nazionale|Cass. trib. 7818/2004|Cass. trib. 7818/2004 Cass trib. 19165/2004 Cass. trib. 5895/2002 Cass. trib. 19255/2003 Cass. trib. 9433/2005||||CORTE_CASS||||TRIBUTARIA||||7818|2004|||CIVILE||||||||||https://e-justice.europa.eu/ecli/it/ECLI:IT:CASS:2004:7818CIV.html|CASS:2004:7818CIV||
Sentenza_V22_3848_2021.json|A2|Se l’avviso di accertamento TARI sia legittimamente emesso c|5|||caselaw|nazionale|Cass trib. 19165/2004|Cass. trib. 7818/2004 Cass trib. 19165/2004 Cass. trib. 5895/2002 Cass. trib. 19255/2003 Cass. trib. 9433/2005||||CORTE_CASS||||TRIBUTARIA||||19165|2004|||CIVILE||||||||||https://e-justice.europa.eu/ecli/it/ECLI:IT:CASS:2004:19165CIV.html|CASS:2004:19165CIV||
Sentenza_V22_3848_2021.json|A2|Se l’avviso di accertamento TARI sia legittimamente emesso c|6|||caselaw|nazionale|Cass. trib. 5895/2002|Cass. trib. 7818/2004 Cass trib. 19165/2004 Cass. trib. 5895/2002 Cass. trib. 19255/2003 Cass. trib. 9433/2005||||CORTE_CASS||||TRIBUTARIA||||5895|2002|||CIVILE||||||||||https://e-justice.europa.eu/ecli/it/ECLI:IT:CASS:2002:5895CIV.html|CASS:2002:5895CIV||
Sentenza_V22_3848_2021.json|A2|Se l’avviso di accertamento TARI sia legittimamente emesso c|7|||caselaw|nazionale|Cass. trib. 19255/2003|Cass. trib. 7818/2004 Cass trib. 19165/2004 Cass. trib. 5895/2002 Cass. trib. 19255/2003 Cass. trib. 9433/2005||||CORTE_CASS||||TRIBUTARIA||||19255|2003|||CIVILE||||||||||https://e-justice.europa.eu/ecli/it/ECLI:IT:CASS:2003:19255CIV.html|CASS:2003:19255CIV||
Sentenza_V22_3848_2021.json|A2|Se l’avviso di accertamento TARI sia legittimamente emesso c|8|||caselaw|nazionale|Cass. trib. 9433/2005|Cass. trib. 7818/2004 Cass trib. 19165/2004 Cass. trib. 5895/2002 Cass. trib. 19255/2003 Cass. trib. 9433/2005||||CORTE_CASS||||TRIBUTARIA||||9433|2005|||CIVILE||||||||||https://e-justice.europa.eu/ecli/it/ECLI:IT:CASS:2005:9433CIV.html|CASS:2005:9433CIV||
Sentenza_V22_5547_2023.json|A2|Se il contribuente non abbia impugnato il piano di classific|1|||caselaw|nazionale|Cass. SS.UU. 11722/2010|Cass. SS.UU. 11722/2010 Cass. civ. VI 18224/2018 Cass. civ. sez. V, 21177/2014 Cass. civ. sez. VI, 9778/2017||||CORTE_CASS||||UNITE||||11722|2010||||||||||||||||
Sentenza_V22_5547_2023.json|A2|Se il contribuente non abbia impugnato il piano di classific|2|||caselaw|nazionale|Cass. civ. VI 18224/2018|Cass. SS.UU. 11722/2010 Cass. civ. VI 18224/2018 Cass. civ. sez. V, 21177/2014 Cass. civ. sez. VI, 9778/2017||||CORTE_CASS||||||||18224|2018|||CIVILE|||||VI|||||https://e-justice.europa.eu/ecli/it/ECLI:IT:CASS:2018:18224CIV.html|CASS:2018:18224CIV||
Sentenza_V22_5547_2023.json|A2|Se il contribuente non abbia impugnato il piano di classific|3|||caselaw|nazionale|Cass. civ. sez. V, 21177/2014|Cass. SS.UU. 11722/2010 Cass. civ. VI 18224/2018 Cass. civ. sez. V, 21177/2014 Cass. civ. sez. VI, 9778/2017||||CORTE_CASS||||5||||21177|2014|||CIVILE||||||||||https://e-justice.europa.eu/ecli/it/ECLI:IT:CASS:2014:21177CIV.html|CASS:2014:21177CIV||
Sentenza_V22_5547_2023.json|A2|Se il contribuente non abbia impugnato il piano di classific|4|||caselaw|nazionale|Cass. civ. sez. VI, 9778/2017|Cass. SS.UU. 11722/2010 Cass. civ. VI 18224/2018 Cass. civ. sez. V, 21177/2014 Cass. civ. sez. VI, 9778/2017||||CORTE_CASS||||6||||9778|2017|||CIVILE||||||||||https://e-justice.europa.eu/ecli/it/ECLI:IT:CASS:2017:9778CIV.html|CASS:2017:9778CIV||
Sentenza_V31_1512_2022.json|A1|Se il contribuente impugni un accertamento fiscale relativo |1|||caselaw|nazionale|Cass. 8500/2021|Cass. 8500/2021||||CORTE_CASS||||||||8500|2021||||||||||||||||
Sentenza_V31_1512_2022.json|A1|Se il contribuente impugni un accertamento fiscale relativo |2|||legislation|nazionale|art. 43 d.p.r. 600/1973|art. 43 d.p.r. 600/1973||articolo-43|DECR|PRES_REP||||||||600|1973|||||||||||||http://www.normattiva.it/uri-res/N2Ls?urn:nir:presidente.repubblica:decreto:1973;600~art43|presidente.repubblica:decreto:1973;600|presidente.repubblica:decreto:1973;600_articolo-43|
Sentenza_V31_1512_2022.json|A2|Se il contribuente impugni un accertamento fiscale relativo |1|||caselaw|nazionale|Cass. SS.UU. n. 8500/2021|Cass. SS.UU. n. 8500/2021||||CORTE_CASS||||UNITE||||8500|2021||||||||||||||||
Sentenza_V31_1512_2022.json|A2|Se il contribuente impugni un accertamento fiscale relativo |2|||legislation|nazionale|art. 43 dpr 600/1973|art. 43 dpr 600/1973||articolo-43|DECR|PRES_REP||||||||600|1973|||||||||||||http://www.normattiva.it/uri-res/N2Ls?urn:nir:presidente.repubblica:decreto:1973;600~art43|presidente.repubblica:decreto:1973;600|presidente.repubblica:decreto:1973;600_articolo-43|
Sentenza_V31_207_2021.json|A1|Se il contribuente abbia diritto a compensare un credito, ot|1|||legislation|nazionale|art. 19 dlgs. 546/1992|art. 19 dlgs. 546/1992||articolo-19|DLGS|||||||||546|1992|||||||||||||http://www.normattiva.it/uri-res/N2Ls?urn:nir:stato:decreto.legislativo:1992;546~art19|decreto.legislativo:1992;546|decreto.legislativo:1992;546_articolo-19|
Sentenza_V31_207_2021.json|A2|Se il contribuente abbia diritto a compensare un credito, ot|1|||legislation|nazionale|art. 19 dlgs. n 546/1992|art. 19 dlgs. n 546/1992||articolo-19|DLGS|||||||||546|1992|||||||||||||http://www.normattiva.it/uri-res/N2Ls?urn:nir:stato:decreto.legislativo:1992;546~art19|decreto.legislativo:1992;546|decreto.legislativo:1992;546_articolo-19|
Sentenza_V43_3075_2022.json|A2|Se un terreno edificabile presenti caratteristiche specifich|1|||legislation|nazionale|Art. 51 dpr 131/1986|Art. 51 dpr 131/1986||articolo-51|DECR|PRES_REP||||||||131|1986|||||||||||||http://www.normattiva.it/uri-res/N2Ls?urn:nir:presidente.repubblica:decreto:1986;131~art51|presidente.repubblica:decreto:1986;131|presidente.repubblica:decreto:1986;131_articolo-51|
Sentenza_V43_3075_2022.json|A2|Se un terreno edificabile presenti caratteristiche specifich|2|||legislation|nazionale|Art. 52 dpr 131/1986|Art. 52 dpr 131/1986||articolo-52|DECR|PRES_REP||||||||131|1986|||||||||||||http://www.normattiva.it/uri-res/N2Ls?urn:nir:presidente.repubblica:decreto:1986;131~art52|presidente.repubblica:decreto:1986;131|presidente.repubblica:decreto:1986;131_articolo-52|
Sentenza_V43_3075_2022.json|A2|Se un terreno edificabile presenti caratteristiche specifich|3|||caselaw|nazionale|Cass. civ. 10747/2020|Cass. civ. 10747/2020 Cass. civ. 13203/2020 Cass civ. 13958/2020||||CORTE_CASS||||||||10747|2020|||CIVILE||||||||||https://e-justice.europa.eu/ecli/it/ECLI:IT:CASS:2020:10747CIV.html|CASS:2020:10747CIV||
Sentenza_V43_3075_2022.json|A2|Se un terreno edificabile presenti caratteristiche specifich|4|||caselaw|nazionale|Cass. civ. 13203/2020|Cass. civ. 10747/2020 Cass. civ. 13203/2020 Cass civ. 13958/2020||||CORTE_CASS||||||||13203|2020|||CIVILE||||||||||https://e-justice.europa.eu/ecli/it/ECLI:IT:CASS:2020:13203CIV.html|CASS:2020:13203CIV||
Sentenza_V43_3075_2022.json|A2|Se un terreno edificabile presenti caratteristiche specifich|5|||caselaw|nazionale|Cass civ. 13958/2020|Cass. civ. 10747/2020 Cass. civ. 13203/2020 Cass civ. 13958/2020||||CORTE_CASS||||||||13958|2020|||CIVILE||||||||||https://e-justice.europa.eu/ecli/it/ECLI:IT:CASS:2020:13958CIV.html|CASS:2020:13958CIV||
Sentenza_Z29_2235_2023.json|A1|Se il ricorrente non alleghi materialmente gli atti impugnat|1|||legislation|nazionale|art. 21 dlgs. 546/1992|art. 21 dlgs. 546/1992||articolo-21|DLGS|||||||||546|1992|||||||||||||http://www.normattiva.it/uri-res/N2Ls?urn:nir:stato:decreto.legislativo:1992;546~art21|decreto.legislativo:1992;546|decreto.legislativo:1992;546_articolo-21|
Sentenza_Z29_2235_2023.json|A2|Se il ricorrente non alleghi materialmente gli atti impugnat|1|||legislation|nazionale|Art. 21 dlgs. 546/1992|Art. 21 dlgs. 546/1992||articolo-21|DLGS|||||||||546|1992|||||||||||||http://www.normattiva.it/uri-res/N2Ls?urn:nir:stato:decreto.legislativo:1992;546~art21|decreto.legislativo:1992;546|decreto.legislativo:1992;546_articolo-21|
Sentenza_Z29_7978_2022.json|A1|Se l'impugnazione di un avviso di accertamento fiscale da pa|1|||legislation|nazionale|art. 22, comma 2, dlgs. 546/92|art. 22, comma 2, dlgs. 546/92||articolo-22_comma-2|DLGS|||||||||546|1992|||||||||||||http://www.normattiva.it/uri-res/N2Ls?urn:nir:stato:decreto.legislativo:1992;546~art22-comma2|decreto.legislativo:1992;546|decreto.legislativo:1992;546_articolo-22|decreto.legislativo:1992;546_articolo-22_comma-2
Sentenza_Z31_3163_2023.json|A2|Se l'avviso di contestazione IVA notificato prima dello scad|1|||caselaw|nazionale|Cass SS.UU. 24823/2015|Cass SS.UU. 24823/2015 Cass. 19328/2018 Cass. 20036/2018 Cass. 218/2019 Cass. 34409/2019 Cass. 2043/2021 Cass. sez. VI, 9084/2021 Cass. sez V 15530||||CORTE_CASS||||UNITE||||24823|2015||||||||||||||||
Sentenza_Z31_3163_2023.json|A2|Se l'avviso di contestazione IVA notificato prima dello scad|2|||caselaw|nazionale|Cass. 19328/2018|Cass SS.UU. 24823/2015 Cass. 19328/2018 Cass. 20036/2018 Cass. 218/2019 Cass. 34409/2019 Cass. 2043/2021 Cass. sez. VI, 9084/2021 Cass. sez V 15530||||CORTE_CASS||||||||19328|2018||||||||||||||||
Sentenza_Z31_3163_2023.json|A2|Se l'avviso di contestazione IVA notificato prima dello scad|3|||caselaw|nazionale|Cass. 20036/2018|Cass SS.UU. 24823/2015 Cass. 19328/2018 Cass. 20036/2018 Cass. 218/2019 Cass. 34409/2019 Cass. 2043/2021 Cass. sez. VI, 9084/2021 Cass. sez V 15530||||CORTE_CASS||||||||20036|2018||||||||||||||||
Sentenza_Z31_3163_2023.json|A2|Se l'avviso di contestazione IVA notificato prima dello scad|4|||caselaw|nazionale|Cass. 218/2019|Cass SS.UU. 24823/2015 Cass. 19328/2018 Cass. 20036/2018 Cass. 218/2019 Cass. 34409/2019 Cass. 2043/2021 Cass. sez. VI, 9084/2021 Cass. sez V 15530||||CORTE_CASS||||||||218|2019||||||||||||||||
Sentenza_Z31_3163_2023.json|A2|Se l'avviso di contestazione IVA notificato prima dello scad|5|||caselaw|nazionale|Cass. 34409/2019|Cass SS.UU. 24823/2015 Cass. 19328/2018 Cass. 20036/2018 Cass. 218/2019 Cass. 34409/2019 Cass. 2043/2021 Cass. sez. VI, 9084/2021 Cass. sez V 15530||||CORTE_CASS||||||||34409|2019||||||||||||||||
Sentenza_Z31_3163_2023.json|A2|Se l'avviso di contestazione IVA notificato prima dello scad|6|||caselaw|nazionale|Cass. 2043/2021|Cass SS.UU. 24823/2015 Cass. 19328/2018 Cass. 20036/2018 Cass. 218/2019 Cass. 34409/2019 Cass. 2043/2021 Cass. sez. VI, 9084/2021 Cass. sez V 15530||||CORTE_CASS||||||||2043|2021||||||||||||||||
Sentenza_Z31_3163_2023.json|A2|Se l'avviso di contestazione IVA notificato prima dello scad|7|||caselaw|nazionale|Cass. sez. VI, 9084/2021|Cass SS.UU. 24823/2015 Cass. 19328/2018 Cass. 20036/2018 Cass. 218/2019 Cass. 34409/2019 Cass. 2043/2021 Cass. sez. VI, 9084/2021 Cass. sez V 15530||||CORTE_CASS||||6||||9084|2021||||||||||||||||
Sentenza_Z31_3163_2023.json|A2|Se l'avviso di contestazione IVA notificato prima dello scad|8|||caselaw|nazionale|Cass. sez V 15530|Cass SS.UU. 24823/2015 Cass. 19328/2018 Cass. 20036/2018 Cass. 218/2019 Cass. 34409/2019 Cass. 2043/2021 Cass. sez. VI, 9084/2021 Cass. sez V 15530||||CORTE_CASS||||5||||15530|||||||||||||||||
Sentenza_Z31_3163_2023.json|A2|Se l'avviso di contestazione IVA notificato dopo il termine |1|||legislation|nazionale|art 43 dPR 600/73|art 43 dPR 600/73||articolo-43|DECR|PRES_REP||||||||600|1973|||||||||||||http://www.normattiva.it/uri-res/N2Ls?urn:nir:presidente.repubblica:decreto:1973;600~art43|presidente.repubblica:decreto:1973;600|presidente.repubblica:decreto:1973;600_articolo-43|
Sentenza_Z31_3163_2023.json|A2|Se l'avviso di contestazione IVA notificato dopo il termine |2|||legislation|nazionale|art. 57 dPR 633/72|art. 57 dPR 633/72||articolo-57|DECR|PRES_REP||||||||633|1972|||||||||||||http://www.normattiva.it/uri-res/N2Ls?urn:nir:presidente.repubblica:decreto:1972;633~art57|presidente.repubblica:decreto:1972;633|presidente.repubblica:decreto:1972;633_articolo-57|
Sentenza_Z31_3163_2023.json|A2|Se l'avviso di contestazione IVA notificato dopo il termine |3|||legislation|nazionale|26 dl 223/2006|26 dl 223/2006||articolo-26|DL|||||||||223|2006|||||||||||||http://www.normattiva.it/uri-res/N2Ls?urn:nir:stato:decreto.legge:2006;223~art26|decreto.legge:2006;223|decreto.legge:2006;223_articolo-26|
Sentenza_Z31_3163_2023.json|A2|Se l'avviso di contestazione IVA notificato dopo il termine |4|||legislation|nazionale|dlgs 74/2000 art. 2|dlgs 74/2000 art. 2||articolo-2|DLGS|||||||||74|2000|||||||||||||http://www.normattiva.it/uri-res/N2Ls?urn:nir:stato:decreto.legislativo:2000;74~art2|decreto.legislativo:2000;74|decreto.legislativo:2000;74_articolo-2|
Sentenza_Z31_3163_2023.json|A2|Se l'avviso di contestazione IVA notificato dopo il termine |5|||legislation|nazionale|dlgs 128/2015|dlgs 128/2015|||DLGS|||||||||128|2015|||||||||||||http://www.normattiva.it/uri-res/N2Ls?urn:nir:stato:decreto.legislativo:2015;128|decreto.legislativo:2015;128||
Sentenza_Z31_3163_2023.json|A2|Se l'avviso di contestazione IVA notificato dopo il termine |6|||caselaw|nazionale|C. Cost 247/2011|C. Cost 247/2011||||CORTE_COST||||||||247|2011|||||||||||||http://www.cortecostituzionale.it/actionSchedaPronuncia.do?param_ecli=ECLI:IT:COST:2011:247|COST:2011:247||
Sentenza_Z31_3163_2023.json|A2|Se l'avviso di contestazione IVA notificato dopo il termine |7|||caselaw|nazionale|cass. 20043/2015|cass. 20043/2015 Cass 9974/2015||||CORTE_CASS||||||||20043|2015||||||||||||||||
Sentenza_Z31_3163_2023.json|A2|Se l'avviso di contestazione IVA notificato dopo il termine |8|||caselaw|nazionale|Cass 9974/2015|cass. 20043/2015 Cass 9974/2015||||CORTE_CASS||||||||9974|2015||||||||||||||||
Sentenza_Z46_8006_2023.json|A1|Se il ricorso introduttivo del giudizio di primo grado sia s|1|||legislation|nazionale|art. 21 dlgs. 546/1992|art. 21 dlgs. 546/1992||articolo-21|DLGS|||||||||546|1992|||||||||||||http://www.normattiva.it/uri-res/N2Ls?urn:nir:stato:decreto.legislativo:1992;546~art21|decreto.legislativo:1992;546|decreto.legislativo:1992;546_articolo-21|
Sentenza_Z46_8006_2023.json|A1|Se la notifica della cartella di pagamento sia avvenuta oltr|1|||caselaw|nazionale|Corte cost. 280/2005|Corte cost. 280/2005||||CORTE_COST||||||||280|2005|||||||||||||http://www.cortecostituzionale.it/actionSchedaPronuncia.do?param_ecli=ECLI:IT:COST:2005:280|COST:2005:280||
Sentenza_Z46_8006_2023.json|A1|Se la notifica della cartella di pagamento sia avvenuta oltr|2|||legislation|nazionale|art. 25 d.p.r. 602/1973|art. 25 d.p.r. 602/1973||articolo-25|DECR|PRES_REP||||||||602|1973|||||||||||||http://www.normattiva.it/uri-res/N2Ls?urn:nir:presidente.repubblica:decreto:1973;602~art25|presidente.repubblica:decreto:1973;602|presidente.repubblica:decreto:1973;602_articolo-25|
Sentenza_Z46_8006_2023.json|A1|Se la notifica della cartella di pagamento sia avvenuta oltr|3|||legislation|nazionale|art. 36-bis d.p.r. 600/1973|art. 36-bis d.p.r. 600/1973||articolo-36-bis|DECR|PRES_REP||||||||600|1973|||||||||||||http://www.normattiva.it/uri-res/N2Ls?urn:nir:presidente.repubblica:decreto:1973;600~art36bis|presidente.repubblica:decreto:1973;600|presidente.repubblica:decreto:1973;600_articolo-36-bis|
Sentenza_Z46_8006_2023.json|A1|Se la notifica della cartella di pagamento sia avvenuta oltr|4|||legislation|nazionale|art. 1 d.l. 106/2005|art. 1 d.l. 106/2005||articolo-1|DL|||||||||106|2005|||||||||||||http://www.normattiva.it/uri-res/N2Ls?urn:nir:stato:decreto.legge:2005;106~art1|decreto.legge:2005;106|decreto.legge:2005;106_articolo-1|
Sentenza_Z46_8006_2023.json|A1|Se la notifica della cartella di pagamento sia avvenuta oltr|5|||legislation|nazionale|art. 25 del D.L. 244 del 23/6/1995|art. 25 del D.L. 244 del 23/6/1995||articolo-25|DL|||||||||244|||||1995-06-23|||||||||http://www.normattiva.it/uri-res/N2Ls?urn:nir:stato:decreto.legge:1995;244~art25|decreto.legge:1995;244|decreto.legge:1995;244_articolo-25|
Sentenza_Z46_8006_2023.json|A1|Se la notifica della cartella di pagamento sia avvenuta oltr|6|||legislation|nazionale|art. 138 della L. n. 388 del 23/12/2000|art. 138 della L. n. 388 del 23/12/2000||articolo-138|L|||||||||388|||||2000-12-23|||||||||http://www.normattiva.it/uri-res/N2Ls?urn:nir:stato:legge:2000;388~art138|legge:2000;388|legge:2000;388_articolo-138|
Sentenza_Z46_8006_2023.json|A1|Se la notifica della cartella di pagamento sia avvenuta oltr|7|||legislation|nazionale|art. 9 comma 17 della L. n. 289/2002|art. 9 comma 17 della L. n. 289/2002||articolo-9_comma-17|L|||||||||289|2002|||||||||||||http://www.normattiva.it/uri-res/N2Ls?urn:nir:stato:legge:2002;289~art9-comma17|legge:2002;289|legge:2002;289_articolo-9|legge:2002;289_articolo-9_comma-17
Sentenza_Z46_8006_2023.json|A1|Se la notifica della cartella di pagamento sia avvenuta oltr|8|||legislation|nazionale|art. 3 Cost.|art. 3 Cost.|COST|articolo-3||||||||||||||||||||||||http://www.normattiva.it/uri-res/N2Ls?urn:nir:stato:costituzione:1947-12-27~art3|COST|COST_articolo-3|
Sentenza_Z46_8006_2023.json|A1|Se la notifica della cartella di pagamento sia avvenuta oltr|9|||caselaw|nazionale|Cass. 17576/02|Cass. 17576/02||||CORTE_CASS||||||||17576|2002||||||||||||||||
Sentenza_Z46_8006_2023.json|A1|Se la notifica della cartella di pagamento sia avvenuta oltr|10|||caselaw|nazionale|Cass. 21513/06|Cass. 21513/06||||CORTE_CASS||||||||21513|2006||||||||||||||||
Sentenza_Z46_8006_2023.json|A1|Se la notifica della cartella di pagamento sia avvenuta oltr|11|||caselaw|nazionale|Cass. 956 del 17/1/2014|Cass. 956 del 17/1/2014||||CORTE_CASS||||||||956|||||2014-01-17||||||||||||
Sentenza_Z46_8006_2023.json|A1|Se la notifica della cartella di pagamento sia avvenuta oltr|12|||caselaw|nazionale|Cass. 9891/2011|Cass. 9891/2011||||CORTE_CASS||||||||9891|2011||||||||||||||||
Sentenza_Z55_4587_2022.json|A1|Se l'Avviso di accertamento presupposto alla cartella di pag|1|||legislation|nazionale|art. 21 dlgs. 546/1992|art. 21 dlgs. 546/1992||articolo-21|DLGS|||||||||546|1992|||||||||||||http://www.normattiva.it/uri-res/N2Ls?urn:nir:stato:decreto.legislativo:1992;546~art21|decreto.legislativo:1992;546|decreto.legislativo:1992;546_articolo-21|
Sentenza_Z55_4587_2022.json|A1|Se i termini di riscossione della cartella siano stati sospe|1|||legislation|nazionale|d.l. 18/2020|d.l. 18/2020|||DL|||||||||18|2020|||||||||||||http://www.normattiva.it/uri-res/N2Ls?urn:nir:stato:decreto.legge:2020;18|decreto.legge:2020;18||
Sentenza_Z55_4587_2022.json|A2|Se l'Avviso di accertamento presupposto alla cartella di pag|1|||legislation|nazionale|art. 21 dlgs.546/1992|art. 21 dlgs.546/1992||articolo-21|DLGS|||||||||546|1992|||||||||||||http://www.normattiva.it/uri-res/N2Ls?urn:nir:stato:decreto.legislativo:1992;546~art21|decreto.legislativo:1992;546|decreto.legislativo:1992;546_articolo-21|
Sentenza_Z55_4587_2022.json|A2|Se i termini di riscossione della cartella siano stati sospe|1|||legislation|nazionale|d.l. 18/2020|d.l. 18/2020|||DL|||||||||18|2020|||||||||||||http://www.normattiva.it/uri-res/N2Ls?urn:nir:stato:decreto.legge:2020;18|decreto.legge:2020;18||
