filename|id|source-name|source-partition-id|ref-type|ref-scope|text|context|alias|partition|doc-type|authority|region|city|detached-city|section|ministry|other-authority|eu-acronym|number|year|full-number|case-number|area|doc-date|deposit-date|notification-date|publication-date|applicant|defendant|ro-number|rv-number|gu-series|url|cited-doc-simple-id|cited-art-simple-id|cited-comma-simple-id
Sentenza_U13_1015_2022.json|1|||caselaw|nazionale|Sentenza n. 1015/2022 Depositato il 16/12/2022|Sentenza n. 1015/2022 Depositato il 16/12/2022|||SENT|||||||||1015|2022|||||2022-12-16|||||||||||
Sentenza_U13_1015_2022.json|2|||legislation|comunitario|direttiva 2008/118/CE del 6 dicembre 2008|direttiva 2008/118/CE del 6 dicembre 2008|||DIR||||||||CE|118|2008|2008/118/CE|||2008-12-06|||||||||http://eur-lex.europa.eu/legal-content/it/TXT/?uri=CELEX:32008L0118|CELEX:32008L0118||
Sentenza_U13_1015_2022.json|3|||legislation|nazionale|art. 1, comma 628, della l. 178/2021|art. 1, comma 628, della l. 178/2021||articolo-1_comma-628|L|||||||||178|2021|||||||||||||http://www.normattiva.it/uri-res/N2Ls?urn:nir:stato:legge:2021;178~art1-comma628|legge:2021;178|legge:2021;178_articolo-1|legge:2021;178_articolo-1_comma-628
Sentenza_U13_1015_2022.json|4|||legislation|regionale|art. 2 della l.r. Piemonte n. 31/2020|art. 2 della l.r. Piemonte n. 31/2020||articolo-2|L|REGIONE|PIE|||||||31|2020|||||||||||||http://www.normattiva.it/uri-res/N2Ls?urn:nir:regione.piemonte:legge:2020;31~art2|regione.piemonte:legge:2020;31|regione.piemonte:legge:2020;31_articolo-2|
Sentenza_U13_1015_2022.json|5|||legislation|comunitario|art. 1, comma 2, della Direttiva 2008/118/CE del 16 dicembre 2008|art. 1, comma 2, della Direttiva 2008/118/CE del 16 dicembre 2008||articolo-1_comma-2|DIR||||||||CE|118|2008|2008/118/CE|||2008-12-16|||||||||http://eur-lex.europa.eu/legal-content/it/TXT/?uri=CELEX:32008L0118|CELEX:32008L0118|CELEX:32008L0118_articolo-1|CELEX:32008L0118_articolo-1_comma-2
Sentenza_U13_1015_2022.json|6|||legislation|nazionale|art. 6, comma 1 lett. c) primo periodo, della l. 14 giugno 1990 n. 158|art. 6, comma 1 lett. c) primo periodo, della l. 14 giugno 1990 n. 158||articolo-6_comma-1_lettera-c_periodo-1|L|||||||||158|1990||||1990-06-14|||||||||http://www.normattiva.it/uri-res/N2Ls?urn:nir:stato:legge:1990;158~art6-comma1-letc-periodo1|legge:1990;158|legge:1990;158_articolo-6|legge:1990;158_articolo-6_comma-1
Sentenza_U13_1015_2022.json|7|||legislation|nazionale|art. 1, comma 628, della l. 30 dicembre 2020, n. 178|art. 1, comma 628, della l. 30 dicembre 2020, n. 178||articolo-1_comma-628|L|||||||||178|||||2020-12-30|||||||||http://www.normattiva.it/uri-res/N2Ls?urn:nir:stato:legge:2020;178~art1-comma628|legge:2020;178|legge:2020;178_articolo-1|legge:2020;178_articolo-1_comma-628
Sentenza_U13_1015_2022.json|8|||legislation|regionale|l.r. 31 agosto 1993, n. 47) all’art. 3|l.r. 31 agosto 1993, n. 47) all’art. 3||articolo-3|L|REGIONE|PIE|||||||47|||||1993-08-31|||||||||http://www.normattiva.it/uri-res/N2Ls?urn:nir:regione.piemonte:legge:1993;47~art3|regione.piemonte:legge:1993;47|regione.piemonte:legge:1993;47_articolo-3|
Sentenza_U13_1015_2022.json|9|||legislation|nazionale|legge n. 158 del 1990|legge n. 158 del 1990|||L|||||||||158|1990||||1990-06-14|||||||||http://www.normattiva.it/uri-res/N2Ls?urn:nir:stato:legge:1990;158|legge:1990;158||
Sentenza_U13_1015_2022.json|10|||legislation|nazionale|articolo 3 del decreto legge 5 maggio 1957, n. 271|articolo 3 del decreto legge 5 maggio 1957, n. 271||articolo-3|DL|||||||||271|||||1957-05-05|||||||||http://www.normattiva.it/uri-res/N2Ls?urn:nir:stato:decreto.legge:1957;271~art3|decreto.legge:1957;271|decreto.legge:1957;271_articolo-3|
Sentenza_U13_1015_2022.json|11|||legislation|nazionale|legge 2 luglio 1957, n. 474|legge 2 luglio 1957, n. 474|||L|||||||||474|||||1957-07-02|||||||||http://www.normattiva.it/uri-res/N2Ls?urn:nir:stato:legge:1957;474|legge:1957;474||
Sentenza_U13_1015_2022.json|12|||legislation|nazionale|art. 81 c.p.c.|art. 81 c.p.c.|COD_PROC_CIV|articolo-81||||||||||||||||||||||||http://www.normattiva.it/uri-res/N2Ls?urn:nir:stato:regio.decreto:1940-10-28;1443:1~art81|COD_PROC_CIV|COD_PROC_CIV_articolo-81|
Sentenza_U13_1015_2022.json|13|||caselaw|nazionale|Cass., sez. V civ., 29 ottobre 2020, n. 23883 ord.|Cass., sez. V civ., 29 ottobre 2020, n. 23883 ord.|||ORD|CORTE_CASS||||5||||23883||||CIVILE|2020-10-29|||||||||https://e-justice.europa.eu/ecli/it/ECLI:IT:CASS:2020:23883CIV.html|CASS:2020:23883CIV||
Sentenza_U13_1015_2022.json|14|||caselaw|nazionale|Suprema Corte (SS.UU. civili, 16 febbraio 2016, n. 2951|Suprema Corte (SS.UU. civili, 16 febbraio 2016, n. 2951||||CORTE_CASS||||UNITE||||2951||||CIVILE|2016-02-16|||||||||https://e-justice.europa.eu/ecli/it/ECLI:IT:CASS:2016:2951CIV.html|CASS:2016:2951CIV||
Sentenza_U13_1015_2022.json|15|||caselaw|nazionale|sez. III civ., 15 maggio 2018, n. 11744|sez. III civ., 15 maggio 2018, n. 11744||||CORTE_CASS||||3||||11744||||CIVILE|2018-05-15|||||||||https://e-justice.europa.eu/ecli/it/ECLI:IT:CASS:2018:11744CIV.html|CASS:2018:11744CIV||
Sentenza_U17_119_2022.json|1|||caselaw|nazionale|2014 - sul ricorso n. 448/2020 depositato il 28/07/2020 Sentenza|2014 - sul ricorso n. 448/2020 depositato il 28/07/2020 Sentenza|||SENT||||||||||2014||448/2020|||2020-07-28|||||||||||
Sentenza_U17_119_2022.json|2|||legislation|nazionale|artt. 24 Cost.|degli artt. 24 Cost.|COST|articolo-24||||||||||||||||||||||||http://www.normattiva.it/uri-res/N2Ls?urn:nir:stato:costituzione:1947-12-27~art24|COST|COST_articolo-24|
Sentenza_U17_119_2022.json|3|||legislation|nazionale|42 DPR 600/73|42 DPR 600/73||articolo-42|DECR|PRES_REP||||||||600|1973|||||||||||||http://www.normattiva.it/uri-res/N2Ls?urn:nir:presidente.repubblica:decreto:1973;600~art42|presidente.repubblica:decreto:1973;600|presidente.repubblica:decreto:1973;600_articolo-42|
Sentenza_U17_119_2022.json|4|||legislation|nazionale|7 L. 212/2000|7 L. 212/2000||articolo-7|L|||||||||212|2000|||||||||||||http://www.normattiva.it/uri-res/N2Ls?urn:nir:stato:legge:2000;212~art7|legge:2000;212|legge:2000;212_articolo-7|
Sentenza_U17_119_2022.json|5|||caselaw|nazionale|Cass. 13 febbraio 2018 n. 3473|Cass. 13 febbraio 2018 n. 3473||||CORTE_CASS||||||||3473|||||2018-02-13||||||||||||
Sentenza_U24_1913_2022.json|1|||caselaw|nazionale|Sentenza n. 1913/2022 Depositato il 04/07/2022|Sentenza n. 1913/2022 Depositato il 04/07/2022|||SENT|COMM_TRIBUT_PROV||MI||08||||1913|2022|||||2022-07-04|||||||||||
Sentenza_U24_1913_2022.json|2|||legislation|nazionale|art 132 c.p.c.|art 132 c.p.c.|COD_PROC_CIV|articolo-132||||||||||||||||||||||||http://www.normattiva.it/uri-res/N2Ls?urn:nir:stato:regio.decreto:1940-10-28;1443:1~art132|COD_PROC_CIV|COD_PROC_CIV_articolo-132|
Sentenza_U24_1913_2022.json|3|||caselaw|nazionale|Commissione tributaria provinciale Milano – sez. 8° - in data 5.4.2022 la sentenza n. 1135/2022|Commissione tributaria provinciale Milano – sez. 8° - in data 5.4.2022 la sentenza n. 1135/2022|||SENT|COMM_TRIBUT_PROV||MI||8||||1135|2022||||2022-04-05||||||||||||
Sentenza_U24_1913_2022.json|4|||legislation|nazionale|art. 39, comma 2, lett. d-bis, del d.P.R. 29 settembre 1973, n. 600|art. 39, comma 2, lett. d-bis, del d.P.R. 29 settembre 1973, n. 600||articolo-39_comma-2_lettera-d-bis|DECR|PRES_REP||||||||600|||||1973-09-29|||||||||http://www.normattiva.it/uri-res/N2Ls?urn:nir:presidente.repubblica:decreto:1973;600~art39-comma2-letdbis|presidente.repubblica:decreto:1973;600|presidente.repubblica:decreto:1973;600_articolo-39|presidente.repubblica:decreto:1973;600_articolo-39_comma-2
Sentenza_U24_1913_2022.json|5|||legislation|nazionale|51, comma 2, n. 3|51, comma 2, n. 3 e 4, del d.P.R. 26 ottobre 1972||articolo-51_comma-2_numero-3|DECR|PRES_REP|||||||||||||1972-10-26||||||||||||
Sentenza_U24_1913_2022.json|6|||legislation|nazionale|4, del d.P.R. 26 ottobre 1972|51, comma 2, n. 3 e 4, del d.P.R. 26 ottobre 1972||articolo-51_comma-2_numero-4|DECR|PRES_REP|||||||||||||1972-10-26||||||||||||
Sentenza_U24_1913_2022.json|7|||caselaw|nazionale|Cass., Sez. V, 11 aprile 2018, n. 8923|Cass., Sez. V, 11 aprile 2018, n. 8923||||CORTE_CASS||||5||||8923|||||2018-04-11||||||||||||
Sentenza_U24_1913_2022.json|8|||caselaw|nazionale|Cass., Sez. V, 12 dicembre 2018, n. 32129|Cass., Sez. V, 12 dicembre 2018, n. 32129||||CORTE_CASS||||5||||32129|||||2018-12-12||||||||||||
Sentenza_U24_1913_2022.json|9|||caselaw|nazionale|Cass., Sez. V, 13 luglio 2018, n. 18695|Cass., Sez. V, 13 luglio 2018, n. 18695||||CORTE_CASS||||5||||18695|||||2018-07-13||||||||||||
Sentenza_U24_1913_2022.json|10|||legislation|nazionale|artt. 15, comma 1, del dlgs. 546/1992|artt. 15, comma 1, del dlgs. 546/1992||articolo-15_comma-1|DLGS|||||||||546|1992|||||||||||||http://www.normattiva.it/uri-res/N2Ls?urn:nir:stato:decreto.legislativo:1992;546~art15-comma1|decreto.legislativo:1992;546|decreto.legislativo:1992;546_articolo-15|decreto.legislativo:1992;546_articolo-15_comma-1
Sentenza_U24_1913_2022.json|11|||legislation|nazionale|92, comma secondo, c.p.c.|92, comma secondo, c.p.c.|COD_PROC_CIV|articolo-92_comma-2||||||||||||||||||||||||http://www.normattiva.it/uri-res/N2Ls?urn:nir:stato:regio.decreto:1940-10-28;1443:1~art92-comma2|COD_PROC_CIV|COD_PROC_CIV_articolo-92|COD_PROC_CIV_articolo-92_comma-2
Sentenza_U75_247_2021.json|1|||caselaw|nazionale|Sentenza n. 247/2021 Depositato il 03/06/2021|Sentenza n. 247/2021 Depositato il 03/06/2021|||SENT|||||||||247|2021|||||2021-06-03|||||||||||
Sentenza_U75_247_2021.json|2|||caselaw|nazionale|Commissione Tributaria Regionale dell'Umbria con sentenza n. 556/03/2018|Commissione Tributaria Regionale dell'Umbria con sentenza n. 556/03/2018|||SENT|COMM_TRIBUT_REG|UMB|||||||||556/03/2018|||||||||||||||
Sentenza_U75_247_2021.json|3|||legislation|nazionale|art. 96 cpc|art. 96 cpc|COD_PROC_CIV|articolo-96||||||||||||||||||||||||http://www.normattiva.it/uri-res/N2Ls?urn:nir:stato:regio.decreto:1940-10-28;1443:1~art96|COD_PROC_CIV|COD_PROC_CIV_articolo-96|
Sentenza_U75_247_2021.json|4|||legislation|nazionale|15, comma 2, Dlgs 546/92|15, comma 2, Dlgs 546/92||articolo-15_comma-2|DLGS|||||||||546|1992|||||||||||||http://www.normattiva.it/uri-res/N2Ls?urn:nir:stato:decreto.legislativo:1992;546~art15-comma2|decreto.legislativo:1992;546|decreto.legislativo:1992;546_articolo-15|decreto.legislativo:1992;546_articolo-15_comma-2
Sentenza_U91_11131_2023.json|1|||caselaw|nazionale|2006 Sentenza n. 11131/2023 Depositato il 18/09/2023|2006 Sentenza n. 11131/2023 Depositato il 18/09/2023|||SENT|||||||||11131|2006|||||2023-09-18|||||||||||
Sentenza_U91_11131_2023.json|2|||unknown|nazionale|notificata il 20/08/2019 689/81|notificata il 20/08/2019 689/81|||L|||||||||689|1981||||||2019-08-20|||||||http://www.normattiva.it/uri-res/N2Ls?urn:nir:stato:legge:1981;689|legge:1981;689||
Sentenza_U91_11131_2023.json|3|||legislation|nazionale|art. 24 comma 5° del dlgs 46/99|art. 24 comma 5° del dlgs 46/99||articolo-24_comma-5|DLGS|||||||||46|1999|||||||||||||http://www.normattiva.it/uri-res/N2Ls?urn:nir:stato:decreto.legislativo:1999;46~art24-comma5|decreto.legislativo:1999;46|decreto.legislativo:1999;46_articolo-24|decreto.legislativo:1999;46_articolo-24_comma-5
Sentenza_U91_11131_2023.json|4|||unknown|nazionale|L.689/81|L.689/81|||L|||||||||689|1981||||||2019-08-20|||||||http://www.normattiva.it/uri-res/N2Ls?urn:nir:stato:legge:1981;689|legge:1981;689||
Sentenza_U91_11131_2023.json|5|||legislation|nazionale|codice della strada||COD_STRADA|||||||||||||||||||||||||http://www.normattiva.it/uri-res/N2Ls?urn:nir:stato:decreto.legislativo:1992-04-30;285|COD_STRADA||
Sentenza_U91_11131_2023.json|6|||legislation|nazionale|art. 43 del DPR n. 600/1973|art. 43 del DPR n. 600/1973||articolo-43|DECR|PRES_REP||||||||600|1973|||||||||||||http://www.normattiva.it/uri-res/N2Ls?urn:nir:presidente.repubblica:decreto:1973;600~art43|presidente.repubblica:decreto:1973;600|presidente.repubblica:decreto:1973;600_articolo-43|
Sentenza_U91_485_2022.json|1|||caselaw|nazionale|Sentenza n. 485/2022 Depositato il 18/01/2022|Sentenza n. 485/2022 Depositato il 18/01/2022|||SENT|TRIB||||||||485|2022|||||2022-01-18|||||||||||
Sentenza_U91_485_2022.json|2|||caselaw|nazionale|sentenza della CTP di Roma n. 581/2020, depositata il 17/01/2020|sentenza della CTP di Roma n. 581/2020, depositata il 17/01/2020|||SENT|COMM_TRIBUT_PROV||RM||||||581|2020|||||2020-01-17|||||||||||
Sentenza_U91_485_2022.json|3|||legislation|nazionale|art. 14, comma 3 bis, del D.P.R. n. 115 del 2002|art. 14, comma 3 bis, del D.P.R. n. 115 del 2002||articolo-14_comma-3-bis|DECR|PRES_REP||||||||115|2002|||||||||||||http://www.normattiva.it/uri-res/N2Ls?urn:nir:presidente.repubblica:decreto:2002;115~art14-comma3bis|presidente.repubblica:decreto:2002;115|presidente.repubblica:decreto:2002;115_articolo-14|presidente.repubblica:decreto:2002;115_articolo-14_comma-3-bis
Sentenza_U91_5452_2021.json|1|||caselaw|nazionale|2019 Sentenza n. 5452/2021 Depositato il 12/05/2021|2019 Sentenza n. 5452/2021 Depositato il 12/05/2021|||SENT|COMM_TRIBUT_PROV||RM||17||||5452|2019|||||2021-05-12|||||||||||
Sentenza_U91_5452_2021.json|2|||legislation|nazionale|art. 38 bis dpr 633/72|dell'art. 38 bis dpr 633/72||articolo-38-bis|DECR|PRES_REP||||||||633|1972|||||||||||||http://www.normattiva.it/uri-res/N2Ls?urn:nir:presidente.repubblica:decreto:1972;633~art38bis|presidente.repubblica:decreto:1972;633|presidente.repubblica:decreto:1972;633_articolo-38-bis|
Sentenza_U91_5452_2021.json|3|||legislation|nazionale|art. 69 r.d. 2440/1923|art. 69 r.d. 2440/1923||articolo-69|DECR|RE||||||||2440|1923|||||||||||||http://www.normattiva.it/uri-res/N2Ls?urn:nir:re:decreto:1923;2440~art69|re:decreto:1923;2440|re:decreto:1923;2440_articolo-69|
Sentenza_U91_5452_2021.json|4|||legislation|nazionale|art. 23 d. leg.vo 472/97|art. 23 d. leg.vo 472/97||articolo-23|DLGS|||||||||472|1997|||||||||||||http://www.normattiva.it/uri-res/N2Ls?urn:nir:stato:decreto.legislativo:1997;472~art23|decreto.legislativo:1997;472|decreto.legislativo:1997;472_articolo-23|
Sentenza_U91_5452_2021.json|5|||legislation|nazionale|art. 38 bis dpr 633/72|dell'art. 38 bis dpr 633/72||articolo-38-bis|DECR|PRES_REP||||||||633|1972|||||||||||||http://www.normattiva.it/uri-res/N2Ls?urn:nir:presidente.repubblica:decreto:1972;633~art38bis|presidente.repubblica:decreto:1972;633|presidente.repubblica:decreto:1972;633_articolo-38-bis|
Sentenza_U91_5452_2021.json|6|||caselaw|nazionale|Cass. n. 25893/2017|Cass. n. 25893/2017, Cass. n. 5349/2015 e Cass n. 9853/2011||||CORTE_CASS||||||||25893|2017||||||||||||||||
Sentenza_U91_5452_2021.json|7|||caselaw|nazionale|Cass. n. 5349/2015|Cass. n. 25893/2017, Cass. n. 5349/2015 e Cass n. 9853/2011||||CORTE_CASS||||||||5349|2015||||||||||||||||
Sentenza_U91_5452_2021.json|8|||caselaw|nazionale|Cass n. 9853/2011|Cass. n. 25893/2017, Cass. n. 5349/2015 e Cass n. 9853/2011||||CORTE_CASS||||||||9853|2011||||||||||||||||
Sentenza_U91_5452_2021.json|9|||legislation|nazionale|art. 19 del decreto legislativo 546/92|art. 19 del decreto legislativo 546/92||articolo-19|DLGS|||||||||546|1992|||||||||||||http://www.normattiva.it/uri-res/N2Ls?urn:nir:stato:decreto.legislativo:1992;546~art19|decreto.legislativo:1992;546|decreto.legislativo:1992;546_articolo-19|
Sentenza_U91_5452_2021.json|10|||legislation|nazionale|art. 23 dlgs. 472/1997|art. 23 dlgs. 472/1997||articolo-23|DLGS|||||||||472|1997|||||||||||||http://www.normattiva.it/uri-res/N2Ls?urn:nir:stato:decreto.legislativo:1997;472~art23|decreto.legislativo:1997;472|decreto.legislativo:1997;472_articolo-23|
Sentenza_U91_5452_2021.json|11|||legislation|nazionale|art. 69 del r.d. 2440/1923|art. 69 del r.d. 2440/1923||articolo-69|DECR|RE||||||||2440|1923|||||||||||||http://www.normattiva.it/uri-res/N2Ls?urn:nir:re:decreto:1923;2440~art69|re:decreto:1923;2440|re:decreto:1923;2440_articolo-69|
Sentenza_U91_5452_2021.json|12|||legislation|nazionale|art. 38 bis c. 3 dpr 633/1972|art. 38 bis c. 3 dpr 633/1972||articolo-38-bis_comma-3|DECR|PRES_REP||||||||633|1972|||||||||||||http://www.normattiva.it/uri-res/N2Ls?urn:nir:presidente.repubblica:decreto:1972;633~art38bis-comma3|presidente.repubblica:decreto:1972;633|presidente.repubblica:decreto:1972;633_articolo-38-bis|presidente.repubblica:decreto:1972;633_articolo-38-bis_comma-3
Sentenza_U91_5452_2021.json|13|||legislation|nazionale|r.d. 2440/1923|r.d. 2440/1923|||DECR|RE||||||||2440|1923|||||||||||||http://www.normattiva.it/uri-res/N2Ls?urn:nir:re:decreto:1923;2440|re:decreto:1923;2440||
Sentenza_U91_5452_2021.json|14|||legislation|nazionale|art. 23 dlgs. 472/1997|art. 23 dlgs. 472/1997||articolo-23|DLGS|||||||||472|1997|||||||||||||http://www.normattiva.it/uri-res/N2Ls?urn:nir:stato:decreto.legislativo:1997;472~art23|decreto.legislativo:1997;472|decreto.legislativo:1997;472_articolo-23|
Sentenza_U91_5452_2021.json|15|||legislation|nazionale|dpr 633/1972|dpr 633/1972|||DECR|PRES_REP||||||||633|1972|||||||||||||http://www.normattiva.it/uri-res/N2Ls?urn:nir:presidente.repubblica:decreto:1972;633|presidente.repubblica:decreto:1972;633||
Sentenza_U91_5452_2021.json|16|||legislation|nazionale|d.l. n. 429 del 1982, art. 4, comma 1, n. 5|d.l. n. 429 del 1982, art. 4, comma 1, n. 5||articolo-4_comma-1_numero-5|DL|||||||||429|1982|||||||||||||http://www.normattiva.it/uri-res/N2Ls?urn:nir:stato:decreto.legge:1982;429~art4-comma1-num5|decreto.legge:1982;429|decreto.legge:1982;429_articolo-4|decreto.legge:1982;429_articolo-4_comma-1
Sentenza_U91_5452_2021.json|17|||legislation|nazionale|dlgs. n. 74 del 2000, artt. 2|dlgs. n. 74 del 2000, artt. 2 e 8||articolo-2|DLGS|||||||||74|2000|||||||||||||http://www.normattiva.it/uri-res/N2Ls?urn:nir:stato:decreto.legislativo:2000;74~art2|decreto.legislativo:2000;74|decreto.legislativo:2000;74_articolo-2|
Sentenza_U91_5452_2021.json|18|||legislation|nazionale|8|dlgs. n. 74 del 2000, artt. 2 e 8||articolo-8|DLGS|||||||||74|2000|||||||||||||http://www.normattiva.it/uri-res/N2Ls?urn:nir:stato:decreto.legislativo:2000;74~art8|decreto.legislativo:2000;74|decreto.legislativo:2000;74_articolo-8|
Sentenza_U91_5452_2021.json|19|||caselaw|nazionale|Suprema Corte , Sezioni Unite 31.01.2020 n. 2320|Suprema Corte , Sezioni Unite 31.01.2020 n. 2320||||CORTE_CASS||||UNITE||||2320|||||2020-01-31||||||||||||
Sentenza_U91_5452_2021.json|20|||caselaw|nazionale|Cass. n. 15424 del 2009|Cass. n. 15424 del 2009||||CORTE_CASS||||||||15424|2009||||||||||||||||
Sentenza_U91_5452_2021.json|21|||legislation|nazionale|art. 24 della legge 4/29|art. 24 della legge 4/29||articolo-24|L|||||||||4|1929|||||||||||||http://www.normattiva.it/uri-res/N2Ls?urn:nir:stato:legge:1929;4~art24|legge:1929;4|legge:1929;4_articolo-24|
Sentenza_U91_5452_2021.json|22|||legislation|nazionale|art. 19 decreto legislativo 546/92|art. 19 decreto legislativo 546/92||articolo-19|DLGS|||||||||546|1992|||||||||||||http://www.normattiva.it/uri-res/N2Ls?urn:nir:stato:decreto.legislativo:1992;546~art19|decreto.legislativo:1992;546|decreto.legislativo:1992;546_articolo-19|
Sentenza_U93_56_2022.json|1|||caselaw|nazionale|Sentenza n. 56/2022 Depositato il 18/01/2022|Sentenza n. 56/2022 Depositato il 18/01/2022|||SENT|COMM_TRIBUT_PROV||VT||01||||56|2022|||||2022-01-18|||||||||||
Sentenza_U93_56_2022.json|2|||legislation|nazionale|art.77 dpr 602/73|dell'art.77 dpr 602/73||articolo-77|DECR|PRES_REP||||||||602|1973|||||||||||||http://www.normattiva.it/uri-res/N2Ls?urn:nir:presidente.repubblica:decreto:1973;602~art77|presidente.repubblica:decreto:1973;602|presidente.repubblica:decreto:1973;602_articolo-77|
Sentenza_U93_56_2022.json|3|||legislation|nazionale|art.77 comma 2 dpr 602/73|art.77 comma 2 dpr 602/73||articolo-77_comma-2|DECR|PRES_REP||||||||602|1973|||||||||||||http://www.normattiva.it/uri-res/N2Ls?urn:nir:presidente.repubblica:decreto:1973;602~art77-comma2|presidente.repubblica:decreto:1973;602|presidente.repubblica:decreto:1973;602_articolo-77|presidente.repubblica:decreto:1973;602_articolo-77_comma-2
Sentenza_U93_56_2022.json|4|||legislation|nazionale|art.50 comma 3 dpr 602/73|art.50 comma 3 dpr 602/73||articolo-50_comma-3|DECR|PRES_REP||||||||602|1973|||||||||||||http://www.normattiva.it/uri-res/N2Ls?urn:nir:presidente.repubblica:decreto:1973;602~art50-comma3|presidente.repubblica:decreto:1973;602|presidente.repubblica:decreto:1973;602_articolo-50|presidente.repubblica:decreto:1973;602_articolo-50_comma-3
Sentenza_U93_56_2022.json|5|||legislation|nazionale|art.2808 cc|art.2808 cc|COD_CIV|articolo-2808||||||||||||||||||||||||http://www.normattiva.it/uri-res/N2Ls?urn:nir:stato:regio.decreto:1942-03-16;262:2~art2808|COD_CIV|COD_CIV_articolo-2808|
Sentenza_U93_56_2022.json|6|||legislation|nazionale|art.77 del dpr 602/73|art.77 del dpr 602/73||articolo-77|DECR|PRES_REP||||||||602|1973|||||||||||||http://www.normattiva.it/uri-res/N2Ls?urn:nir:presidente.repubblica:decreto:1973;602~art77|presidente.repubblica:decreto:1973;602|presidente.repubblica:decreto:1973;602_articolo-77|
Sentenza_V06_822_2023.json|1|||caselaw|nazionale|2017 Sentenza n. 822/2023 Depositato il 15/09/2023|2017 Sentenza n. 822/2023 Depositato il 15/09/2023|||SENT|||||||||822|2017|||||2023-09-15|||||||||||
Sentenza_V06_822_2023.json|2|||legislation|nazionale|art. 15 del dlgs 546/92|art. 15 del dlgs 546/92||articolo-15|DLGS|||||||||546|1992|||||||||||||http://www.normattiva.it/uri-res/N2Ls?urn:nir:stato:decreto.legislativo:1992;546~art15|decreto.legislativo:1992;546|decreto.legislativo:1992;546_articolo-15|
Sentenza_V06_822_2023.json|3|||legislation|nazionale|art. 17 bis dlgs. 546/1992|art. 17 bis dlgs. 546/1992||articolo-17-bis|DLGS|||||||||546|1992|||||||||||||http://www.normattiva.it/uri-res/N2Ls?urn:nir:stato:decreto.legislativo:1992;546~art17bis|decreto.legislativo:1992;546|decreto.legislativo:1992;546_articolo-17-bis|
Sentenza_V06_822_2023.json|4|||legislation|nazionale|art. 50, comma 2, del D.P.R. 602/1973|art. 50, comma 2, del D.P.R. 602/1973||articolo-50_comma-2|DECR|PRES_REP||||||||602|1973|||||||||||||http://www.normattiva.it/uri-res/N2Ls?urn:nir:presidente.repubblica:decreto:1973;602~art50-comma2|presidente.repubblica:decreto:1973;602|presidente.repubblica:decreto:1973;602_articolo-50|presidente.repubblica:decreto:1973;602_articolo-50_comma-2
Sentenza_V06_822_2023.json|5|||legislation|nazionale|ordinanza del 2 febbraio 2023, la Corte|ordinanza del 2 febbraio 2023, la Corte|||ORD||||||||||||||2023-02-02||||||||||||
Sentenza_V06_822_2023.json|6|||legislation|nazionale|art. 77, comma 2-bis, del D.P.R. 602/1973|art. 77, comma 2-bis, del D.P.R. 602/1973||articolo-77_comma-2-bis|DECR|PRES_REP||||||||602|1973|||||||||||||http://www.normattiva.it/uri-res/N2Ls?urn:nir:presidente.repubblica:decreto:1973;602~art77-comma2bis|presidente.repubblica:decreto:1973;602|presidente.repubblica:decreto:1973;602_articolo-77|presidente.repubblica:decreto:1973;602_articolo-77_comma-2-bis
Sentenza_V06_822_2023.json|7|||caselaw|nazionale|Cass. n. 13314/2021|Cass. n. 13314/2021||||CORTE_CASS||||||||13314|2021||||||||||||||||
Sentenza_V10_10757_2023.json|1|||caselaw|nazionale|Sentenza n. 10757/2023 Depositato il 27/07/2023|Sentenza n. 10757/2023 Depositato il 27/07/2023|||SENT|||||||||10757|2023|||||2023-07-27|||||||||||
Sentenza_V10_10757_2023.json|2|||legislation|nazionale|art. 32, comma 1° punto 2) del D.P.R. 600/73|art. 32, comma 1° punto 2) del D.P.R. 600/73||articolo-32_comma-1_numero-2|DECR|PRES_REP||||||||600|1973|||||||||||||http://www.normattiva.it/uri-res/N2Ls?urn:nir:presidente.repubblica:decreto:1973;600~art32-comma1-num2|presidente.repubblica:decreto:1973;600|presidente.repubblica:decreto:1973;600_articolo-32|presidente.repubblica:decreto:1973;600_articolo-32_comma-1
Sentenza_V10_10757_2023.json|3|||legislation|nazionale|art. 32, comma 1, n. 2 del D.P.R. n. 600/1973|art. 32, comma 1, n. 2 del D.P.R. n. 600/1973||articolo-32_comma-1_numero-2|DECR|PRES_REP||||||||600|1973|||||||||||||http://www.normattiva.it/uri-res/N2Ls?urn:nir:presidente.repubblica:decreto:1973;600~art32-comma1-num2|presidente.repubblica:decreto:1973;600|presidente.repubblica:decreto:1973;600_articolo-32|presidente.repubblica:decreto:1973;600_articolo-32_comma-1
Sentenza_V10_10757_2023.json|4|||legislation|nazionale|artt. 39, co. 2|artt. 39, co. 2 e 32 del DPR 600/73||articolo-39_comma-2|DECR|PRES_REP||||||||600|1973|||||||||||||http://www.normattiva.it/uri-res/N2Ls?urn:nir:presidente.repubblica:decreto:1973;600~art39-comma2|presidente.repubblica:decreto:1973;600|presidente.repubblica:decreto:1973;600_articolo-39|presidente.repubblica:decreto:1973;600_articolo-39_comma-2
Sentenza_V10_10757_2023.json|5|||legislation|nazionale|32 del DPR 600/73|artt. 39, co. 2 e 32 del DPR 600/73||articolo-32|DECR|PRES_REP||||||||600|1973|||||||||||||http://www.normattiva.it/uri-res/N2Ls?urn:nir:presidente.repubblica:decreto:1973;600~art32|presidente.repubblica:decreto:1973;600|presidente.repubblica:decreto:1973;600_articolo-32|
Sentenza_V10_10757_2023.json|6|||caselaw|nazionale|Cassazione, sentenza n. 13391/2003|Cassazione, sentenza n. 13391/2003|||SENT|CORTE_CASS||||||||13391|2003||||||||||||||||
Sentenza_V10_10757_2023.json|7|||caselaw|nazionale|Cassazione, sentenza n. 6910/2003|Cassazione, sentenza n. 6910/2003|||SENT|CORTE_CASS||||||||6910|2003||||||||||||||||
Sentenza_V10_10757_2023.json|8|||caselaw|nazionale|Cassazione, sentenza n. 8683/2002|Cassazione, sentenza n. 8683/2002|||SENT|CORTE_CASS||||||||8683|2002||||||||||||||||
Sentenza_V10_10757_2023.json|9|||caselaw|nazionale|Cassazione, sentenza n. 2738/ 2001|Cassazione, sentenza n. 2738/ 2001|||SENT|CORTE_CASS||||||||2738|2001||||||||||||||||
Sentenza_V10_10757_2023.json|10|||caselaw|nazionale|Cassazione, sentenza n. 4987/2003|Cassazione, sentenza n. 4987/2003|||SENT|CORTE_CASS||||||||4987|2003||||||||||||||||
Sentenza_V10_10757_2023.json|11|||legislation|nazionale|circolare n. 32/E del 19/10/2006 dell’Agenzia delle Entrate|circolare n. 32/E del 19/10/2006 dell’Agenzia delle Entrate|||CIRC|||||||AG_ENTRATE||32||32/E|||2006-10-19||||||||||||
Sentenza_V10_10757_2023.json|12|||legislation|nazionale|art. 32, comma 1, n. 7 del DPR n. 600 del 1973|art. 32, comma 1, n. 7 del DPR n. 600 del 1973||articolo-32_comma-1_numero-7|DECR|PRES_REP||||||||600|1973|||||||||||||http://www.normattiva.it/uri-res/N2Ls?urn:nir:presidente.repubblica:decreto:1973;600~art32-comma1-num7|presidente.repubblica:decreto:1973;600|presidente.repubblica:decreto:1973;600_articolo-32|presidente.repubblica:decreto:1973;600_articolo-32_comma-1
Sentenza_V10_10757_2023.json|13|||legislation|nazionale|art. 51, comma 2, n. 7), del DPR n. 633 del 1972|art. 51, comma 2, n. 7), del DPR n. 633 del 1972||articolo-51_comma-2_numero-7|DECR|PRES_REP||||||||633|1972||||1972-10-26|||||||||http://www.normattiva.it/uri-res/N2Ls?urn:nir:presidente.repubblica:decreto:1972;633~art51-comma2-num7|presidente.repubblica:decreto:1972;633|presidente.repubblica:decreto:1972;633_articolo-51|presidente.repubblica:decreto:1972;633_articolo-51_comma-2
Sentenza_V10_10757_2023.json|14|||legislation|nazionale|art.7 della legge 212/00|art.7 della legge 212/00||articolo-7|L|||||||||212|2000|||||||||||||http://www.normattiva.it/uri-res/N2Ls?urn:nir:stato:legge:2000;212~art7|legge:2000;212|legge:2000;212_articolo-7|
Sentenza_V10_10757_2023.json|15|||legislation|nazionale|art.2 del decreto legislativo 32/01|art.2 del decreto legislativo 32/01||articolo-2|DLGS|||||||||32|2001|||||||||||||http://www.normattiva.it/uri-res/N2Ls?urn:nir:stato:decreto.legislativo:2001;32~art2|decreto.legislativo:2001;32|decreto.legislativo:2001;32_articolo-2|
Sentenza_V10_10757_2023.json|16|||legislation|nazionale|art. 56 del d.P.R. 26 ottobre 1972, n. 633|art. 56 del d.P.R. 26 ottobre 1972, n. 633||articolo-56|DECR|PRES_REP||||||||633|1972||||1972-10-26|||||||||http://www.normattiva.it/uri-res/N2Ls?urn:nir:presidente.repubblica:decreto:1972;633~art56|presidente.repubblica:decreto:1972;633|presidente.repubblica:decreto:1972;633_articolo-56|
Sentenza_V10_10757_2023.json|17|||legislation|nazionale|decreto legislativo 32/01|decreto legislativo 32/01|||DLGS|||||||||32|2001|||||||||||||http://www.normattiva.it/uri-res/N2Ls?urn:nir:stato:decreto.legislativo:2001;32|decreto.legislativo:2001;32||
Sentenza_V10_10757_2023.json|18|||caselaw|nazionale|Cass.6232/03|Cass.6232/03||||CORTE_CASS||||||||6232|2003||||||||||||||||
Sentenza_V10_10757_2023.json|19|||legislation|nazionale|art. 39, comma 2, del DPR 600/73|art. 39, comma 2, del DPR 600/73||articolo-39_comma-2|DECR|PRES_REP||||||||600|1973|||||||||||||http://www.normattiva.it/uri-res/N2Ls?urn:nir:presidente.repubblica:decreto:1973;600~art39-comma2|presidente.repubblica:decreto:1973;600|presidente.repubblica:decreto:1973;600_articolo-39|presidente.repubblica:decreto:1973;600_articolo-39_comma-2
Sentenza_V10_10757_2023.json|20|||legislation|nazionale|55 del DPR 633/72|55 del DPR 633/72||articolo-55|DECR|PRES_REP||||||||633|1972||||1972-10-26|||||||||http://www.normattiva.it/uri-res/N2Ls?urn:nir:presidente.repubblica:decreto:1972;633~art55|presidente.repubblica:decreto:1972;633|presidente.repubblica:decreto:1972;633_articolo-55|
Sentenza_V10_10757_2023.json|21|||legislation|nazionale|art. 32 del D.P.R. 600/73|art. 32 del D.P.R. 600/73||articolo-32|DECR|PRES_REP||||||||600|1973|||||||||||||http://www.normattiva.it/uri-res/N2Ls?urn:nir:presidente.repubblica:decreto:1973;600~art32|presidente.repubblica:decreto:1973;600|presidente.repubblica:decreto:1973;600_articolo-32|
Sentenza_V10_10757_2023.json|22|||legislation|nazionale|art.51 D.P.R. 633/72|art.51 D.P.R. 633/72||articolo-51|DECR|PRES_REP||||||||633|1972||||1972-10-26|||||||||http://www.normattiva.it/uri-res/N2Ls?urn:nir:presidente.repubblica:decreto:1972;633~art51|presidente.repubblica:decreto:1972;633|presidente.repubblica:decreto:1972;633_articolo-51|
Sentenza_V10_10757_2023.json|23|||caselaw|nazionale|ordinanza n.19493/2010 del 13 settembre 2010, la Corte di Cassazione|ordinanza n.19493/2010 del 13 settembre 2010, la Corte di Cassazione|||ORD|CORTE_CASS||||||||19493|2010||||2010-09-13||||||||||||
Sentenza_V10_10757_2023.json|24|||caselaw|nazionale|Cass. n. 1728 del 1999|Cass. n. 1728 del 1999, 8683 del 2002, 13391 del 2003; 4357 del 2007, 6743 del 2007, 27032 del 2007, 19362 del 2008||||CORTE_CASS||||||||1728|1999||||||||||||||||
Sentenza_V10_10757_2023.json|25|||caselaw|nazionale|8683 del 2002|Cass. n. 1728 del 1999, 8683 del 2002, 13391 del 2003; 4357 del 2007, 6743 del 2007, 27032 del 2007, 19362 del 2008|||SENT|CORTE_CASS||||||||8683|2002||||||||||||||||
Sentenza_V10_10757_2023.json|26|||caselaw|nazionale|13391 del 2003|Cass. n. 1728 del 1999, 8683 del 2002, 13391 del 2003; 4357 del 2007, 6743 del 2007, 27032 del 2007, 19362 del 2008|||SENT|CORTE_CASS||||||||13391|2003||||||||||||||||
Sentenza_V10_10757_2023.json|27|||caselaw|nazionale|4357 del 2007|Cass. n. 1728 del 1999, 8683 del 2002, 13391 del 2003; 4357 del 2007, 6743 del 2007, 27032 del 2007, 19362 del 2008||||CORTE_CASS||||||||4357|2007||||||||||||||||
Sentenza_V10_10757_2023.json|28|||caselaw|nazionale|6743 del 2007|Cass. n. 1728 del 1999, 8683 del 2002, 13391 del 2003; 4357 del 2007, 6743 del 2007, 27032 del 2007, 19362 del 2008||||CORTE_CASS||||||||6743|2007||||||||||||||||
Sentenza_V10_10757_2023.json|29|||caselaw|nazionale|27032 del 2007|Cass. n. 1728 del 1999, 8683 del 2002, 13391 del 2003; 4357 del 2007, 6743 del 2007, 27032 del 2007, 19362 del 2008||||CORTE_CASS||||||||27032|2007||||||||||||||||
Sentenza_V10_10757_2023.json|30|||caselaw|nazionale|19362 del 2008|Cass. n. 1728 del 1999, 8683 del 2002, 13391 del 2003; 4357 del 2007, 6743 del 2007, 27032 del 2007, 19362 del 2008||||CORTE_CASS||||||||19362|2008||||||||||||||||
Sentenza_V10_10757_2023.json|31|||caselaw|nazionale|Cass. n. 18868 del 2007|Cass. n. 18868 del 2007||||CORTE_CASS||||||||18868|2007||||||||||||||||
Sentenza_V10_10757_2023.json|32|||caselaw|nazionale|Cassazione sentenza n. 19493/2010|Cassazione sentenza n. 19493/2010|||SENT|CORTE_CASS||||||||19493|2010||||||||||||||||
Sentenza_V10_10757_2023.json|33|||caselaw|nazionale|Cassazione, la quale, con la sentenza n. 20197 del 24 settembre 2010|Suprema Corte di Cassazione, la quale, con la sentenza n. 20197 del 24 settembre 2010|||SENT|CORTE_CASS||||||||20197|||||2010-09-24||||||||||||
Sentenza_V10_10757_2023.json|34|||legislation|nazionale|art. 2729 del codice civile|art. 2729 del codice civile|COD_CIV|articolo-2729||||||||||||||||||||||||http://www.normattiva.it/uri-res/N2Ls?urn:nir:stato:regio.decreto:1942-03-16;262:2~art2729|COD_CIV|COD_CIV_articolo-2729|
Sentenza_V10_10757_2023.json|35|||caselaw|nazionale|Cassazione ordinanza n.18339/09|Cassazione ordinanza n.18339/09|||ORD|CORTE_CASS||||||||18339|2009||||||||||||||||
Sentenza_V10_14484_2023.json|1|||caselaw|nazionale|Sentenza n. 14484/2023 Depositato il 25/10/2023|Sentenza n. 14484/2023 Depositato il 25/10/2023|||SENT|||||||||14484|2023|||||2023-10-25|||||||||||
Sentenza_V10_14484_2023.json|2|||legislation|nazionale|2016 dlgs. 19 giugno 1997 n. 218|2016 dlgs. 19 giugno 1997 n. 218||articolo-2016|DLGS|||||||||218|||||1997-06-19|||||||||http://www.normattiva.it/uri-res/N2Ls?urn:nir:stato:decreto.legislativo:1997;218~art2016|decreto.legislativo:1997;218|decreto.legislativo:1997;218_articolo-2016|
Sentenza_V10_14484_2023.json|3|||legislation|nazionale|art. 42 DPR 600/73|dell’art. 42 DPR 600/73||articolo-42|DECR|PRES_REP||||||||600|1973|||||||||||||http://www.normattiva.it/uri-res/N2Ls?urn:nir:presidente.repubblica:decreto:1973;600~art42|presidente.repubblica:decreto:1973;600|presidente.repubblica:decreto:1973;600_articolo-42|
Sentenza_V10_14484_2023.json|4|||caselaw|nazionale|Cass. trib., 07/08/2020, n. 16844|Cass. trib., 07/08/2020, n. 16844||||CORTE_CASS||||TRIBUTARIA||||16844||||CIVILE|2020-08-07|||||||||https://e-justice.europa.eu/ecli/it/ECLI:IT:CASS:2020:16844CIV.html|CASS:2020:16844CIV||
Sentenza_V10_14484_2023.json|5|||caselaw|nazionale|Cass. 13/12/2021, n. 39747|Cass. 13/12/2021, n. 39747||||CORTE_CASS||||||||39747|||||2021-12-13||||||||||||
Sentenza_V10_14484_2023.json|6|||caselaw|nazionale|Cass. sez. trib., 21/02/2022, n. 5516|Cass. sez. trib., 21/02/2022, n. 5516||||CORTE_CASS||||TRIBUTARIA||||5516||||CIVILE|2022-02-21|||||||||https://e-justice.europa.eu/ecli/it/ECLI:IT:CASS:2022:5516CIV.html|CASS:2022:5516CIV||
Sentenza_V10_14484_2023.json|7|||legislation|nazionale|art. 19, comma 2, del D.P.R. 633/72|art. 19, comma 2, del D.P.R. 633/72||articolo-19_comma-2|DECR|PRES_REP||||||||633|1972|||||||||||||http://www.normattiva.it/uri-res/N2Ls?urn:nir:presidente.repubblica:decreto:1972;633~art19-comma2|presidente.repubblica:decreto:1972;633|presidente.repubblica:decreto:1972;633_articolo-19|presidente.repubblica:decreto:1972;633_articolo-19_comma-2
Sentenza_V10_14484_2023.json|8|||legislation|nazionale|art. 19, comma 2, del D.P.R. 633/72|art. 19, comma 2, del D.P.R. 633/72||articolo-19_comma-2|DECR|PRES_REP||||||||633|1972|||||||||||||http://www.normattiva.it/uri-res/N2Ls?urn:nir:presidente.repubblica:decreto:1972;633~art19-comma2|presidente.repubblica:decreto:1972;633|presidente.repubblica:decreto:1972;633_articolo-19|presidente.repubblica:decreto:1972;633_articolo-19_comma-2
Sentenza_V10_14484_2023.json|9|||caselaw|nazionale|Cass. sez. trib., 03/08/2022, n. 24160|Cass. sez. trib., 03/08/2022, n. 24160 Cass. sez. trib., 18/10/2021, n. 28628||||CORTE_CASS||||TRIBUTARIA||||24160||||CIVILE|2022-08-03|||||||||https://e-justice.europa.eu/ecli/it/ECLI:IT:CASS:2022:24160CIV.html|CASS:2022:24160CIV||
Sentenza_V10_14484_2023.json|10|||caselaw|nazionale|Cass. sez. trib., 18/10/2021, n. 28628|Cass. sez. trib., 03/08/2022, n. 24160 Cass. sez. trib., 18/10/2021, n. 28628||||CORTE_CASS||||TRIBUTARIA||||28628||||CIVILE|2021-10-18|||||||||https://e-justice.europa.eu/ecli/it/ECLI:IT:CASS:2021:28628CIV.html|CASS:2021:28628CIV||
Sentenza_V10_14619_2023.json|1|||caselaw|nazionale|Sentenza n. 14619/2023 Depositato il 26/10/2023|Sentenza n. 14619/2023 Depositato il 26/10/2023|||SENT|CORTE_GIUST_TRIBUT_PROV||NA||2||||14619|2023|||||2023-10-26|||||||||||
Sentenza_V10_14619_2023.json|2|||legislation|nazionale|artt. 132 c.p.c.|degli artt. 132 c.p.c.|COD_PROC_CIV|articolo-132||||||||||||||||||||||||http://www.normattiva.it/uri-res/N2Ls?urn:nir:stato:regio.decreto:1940-10-28;1443:1~art132|COD_PROC_CIV|COD_PROC_CIV_articolo-132|
Sentenza_V10_14619_2023.json|3|||legislation|nazionale|118 disp. att. c.p.c.|118 disp. att. c.p.c.|DISP_ATT_COD_PROC_CIV|articolo-118||||||||||||||||||||||||http://www.normattiva.it/uri-res/N2Ls?urn:nir:stato:regio.decreto:1941-08-25;1368:1~art118|DISP_ATT_COD_PROC_CIV|DISP_ATT_COD_PROC_CIV_articolo-118|
Sentenza_V10_14619_2023.json|4|||legislation|nazionale|ex lege 197/2022|ex lege 197/2022|||L|||||||||197|2022|||||||||||||http://www.normattiva.it/uri-res/N2Ls?urn:nir:stato:legge:2022;197|legge:2022;197||
Sentenza_V10_14619_2023.json|5|||legislation|nazionale|articolo 1382 c.c.|dell'articolo 1382 c.c.|COD_CIV|articolo-1382||||||||||||||||||||||||http://www.normattiva.it/uri-res/N2Ls?urn:nir:stato:regio.decreto:1942-03-16;262:2~art1382|COD_CIV|COD_CIV_articolo-1382|
Sentenza_V10_14619_2023.json|6|||legislation|nazionale|art. 15, comma 1, D.P.R. n. 633/1972|dell'art. 15, comma 1, D.P.R. n. 633/1972||articolo-15_comma-1|DECR|PRES_REP||||||||633|1972|||||||||||||http://www.normattiva.it/uri-res/N2Ls?urn:nir:presidente.repubblica:decreto:1972;633~art15-comma1|presidente.repubblica:decreto:1972;633|presidente.repubblica:decreto:1972;633_articolo-15|presidente.repubblica:decreto:1972;633_articolo-15_comma-1
Sentenza_V10_14619_2023.json|7|||legislation|nazionale|art. 40 TUR|dell'art. 40 TUR|TU_IMPOSTA_REGISTRO|articolo-40||||||||||||||||||||||||http://www.normattiva.it/uri-res/N2Ls?urn:nir:stato:regio.decreto:1986-04-26;131~art40|TU_IMPOSTA_REGISTRO|TU_IMPOSTA_REGISTRO_articolo-40|
Sentenza_V10_14619_2023.json|8|||legislation|nazionale|art. 21, comma 2, TUR|dell'art. 21, comma 2, TUR|TU_IMPOSTA_REGISTRO|articolo-21_comma-2||||||||||||||||||||||||http://www.normattiva.it/uri-res/N2Ls?urn:nir:stato:regio.decreto:1986-04-26;131~art21-comma2|TU_IMPOSTA_REGISTRO|TU_IMPOSTA_REGISTRO_articolo-21|TU_IMPOSTA_REGISTRO_articolo-21_comma-2
Sentenza_V10_14619_2023.json|9|||legislation|nazionale|art. 21, comma 1, TUR|art. 21, comma 1, TUR|TU_IMPOSTA_REGISTRO|articolo-21_comma-1||||||||||||||||||||||||http://www.normattiva.it/uri-res/N2Ls?urn:nir:stato:regio.decreto:1986-04-26;131~art21-comma1|TU_IMPOSTA_REGISTRO|TU_IMPOSTA_REGISTRO_articolo-21|TU_IMPOSTA_REGISTRO_articolo-21_comma-1
Sentenza_V10_14619_2023.json|10|||legislation|nazionale|secondo comma dell'articolo 21 del TUR|secondo comma dell'articolo 21 del TUR|TU_IMPOSTA_REGISTRO|articolo-21_comma-2||||||||||||||||||||||||http://www.normattiva.it/uri-res/N2Ls?urn:nir:stato:regio.decreto:1986-04-26;131~art21-comma2|TU_IMPOSTA_REGISTRO|TU_IMPOSTA_REGISTRO_articolo-21|TU_IMPOSTA_REGISTRO_articolo-21_comma-2
Sentenza_V10_14619_2023.json|11|||legislation|nazionale|articolo 21, comma 1, del TUR|articolo 21, comma 1, del TUR|TU_IMPOSTA_REGISTRO|articolo-21_comma-1||||||||||||||||||||||||http://www.normattiva.it/uri-res/N2Ls?urn:nir:stato:regio.decreto:1986-04-26;131~art21-comma1|TU_IMPOSTA_REGISTRO|TU_IMPOSTA_REGISTRO_articolo-21|TU_IMPOSTA_REGISTRO_articolo-21_comma-1
Sentenza_V10_14727_2023.json|1|||caselaw|nazionale|Sentenza n. 14727/2023 Depositato il 30/10/2023|Sentenza n. 14727/2023 Depositato il 30/10/2023|||SENT|||||||||14727|2023|||||2023-10-30|||||||||||
Sentenza_V10_14727_2023.json|2|||caselaw|nazionale|sentenza del tribunale di Napoli n. 10795/2011|sentenza del tribunale di Napoli n. 10795/2011|||SENT|TRIB||NA||||||10795|2011||||||||||||||||
Sentenza_V10_14727_2023.json|3|||legislation|nazionale|art. 60 dpr 600/73|dell’art. 60 dpr 600/73||articolo-60|DECR|PRES_REP||||||||600|1973|||||||||||||http://www.normattiva.it/uri-res/N2Ls?urn:nir:presidente.repubblica:decreto:1973;600~art60|presidente.repubblica:decreto:1973;600|presidente.repubblica:decreto:1973;600_articolo-60|
Sentenza_V10_14727_2023.json|4|||caselaw|nazionale|Corte di Cassazione, con Ordinanza n. 27446 del 20/09/2022|Corte di Cassazione, con Ordinanza n. 27446 del 20/09/2022|||ORD|CORTE_CASS||||||||27446|||||2022-09-20||||||||||||
Sentenza_V10_14727_2023.json|5|||legislation|nazionale|art. 60 del d.P.R. n. 600 del 1973|art. 60 del d.P.R. n. 600 del 1973||articolo-60|DECR|PRES_REP||||||||600|1973|||||||||||||http://www.normattiva.it/uri-res/N2Ls?urn:nir:presidente.repubblica:decreto:1973;600~art60|presidente.repubblica:decreto:1973;600|presidente.repubblica:decreto:1973;600_articolo-60|
Sentenza_V10_14727_2023.json|6|||legislation|nazionale|art. 139, comma 2, c.p.c.|art. 139, comma 2, c.p.c.|COD_PROC_CIV|articolo-139_comma-2||||||||||||||||||||||||http://www.normattiva.it/uri-res/N2Ls?urn:nir:stato:regio.decreto:1940-10-28;1443:1~art139-comma2|COD_PROC_CIV|COD_PROC_CIV_articolo-139|COD_PROC_CIV_articolo-139_comma-2
Sentenza_V10_14727_2023.json|7|||caselaw|nazionale|Cass. V, n. 2868/2017|Cass. V, n. 2868/2017||||CORTE_CASS||||5||||2868|2017||||||||||||||||
Sentenza_V10_14727_2023.json|8|||legislation|nazionale|lettera b bis) del primo comma art. 60 D.P.R. 600/1973|lettera b bis) del primo comma art. 60 D.P.R. 600/1973||articolo-60_comma-1_lettera-b-bis|DECR|PRES_REP||||||||600|1973|||||||||||||http://www.normattiva.it/uri-res/N2Ls?urn:nir:presidente.repubblica:decreto:1973;600~art60-comma1-letbbis|presidente.repubblica:decreto:1973;600|presidente.repubblica:decreto:1973;600_articolo-60|presidente.repubblica:decreto:1973;600_articolo-60_comma-1
Sentenza_V10_3453_2023.json|1|||caselaw|nazionale|Sentenza n. 3453/2023 Depositato il 13/03/2023|Sentenza n. 3453/2023 Depositato il 13/03/2023|||SENT|||||||||3453|2023|||||2023-03-13|||||||||||
Sentenza_V10_3453_2023.json|2|||legislation|nazionale|art. 2719 c.c.|art. 2719 c.c.|COD_CIV|articolo-2719||||||||||||||||||||||||http://www.normattiva.it/uri-res/N2Ls?urn:nir:stato:regio.decreto:1942-03-16;262:2~art2719|COD_CIV|COD_CIV_articolo-2719|
Sentenza_V10_3453_2023.json|3|||legislation|nazionale|art. 215 cpc|art. 215 cpc|COD_PROC_CIV|articolo-215||||||||||||||||||||||||http://www.normattiva.it/uri-res/N2Ls?urn:nir:stato:regio.decreto:1940-10-28;1443:1~art215|COD_PROC_CIV|COD_PROC_CIV_articolo-215|
Sentenza_V10_3453_2023.json|4|||legislation|nazionale|art. 2948 c.c|art. 2948 c.c|COD_CIV|articolo-2948||||||||||||||||||||||||http://www.normattiva.it/uri-res/N2Ls?urn:nir:stato:regio.decreto:1942-03-16;262:2~art2948|COD_CIV|COD_CIV_articolo-2948|
Sentenza_V10_3453_2023.json|5|||legislation|nazionale|art. 17-bis, dlgs. n. 546/1992|dell’art. 17-bis, dlgs. n. 546/1992||articolo-17-bis|DLGS|||||||||546|1992|||||||||||||http://www.normattiva.it/uri-res/N2Ls?urn:nir:stato:decreto.legislativo:1992;546~art17bis|decreto.legislativo:1992;546|decreto.legislativo:1992;546_articolo-17-bis|
Sentenza_V10_3453_2023.json|6|||legislation|nazionale|art. 39 del dlgs. n. 112 del 1999|art. 39 del dlgs. n. 112 del 1999||articolo-39|DLGS|||||||||112|1999|||||||||||||http://www.normattiva.it/uri-res/N2Ls?urn:nir:stato:decreto.legislativo:1999;112~art39|decreto.legislativo:1999;112|decreto.legislativo:1999;112_articolo-39|
Sentenza_V10_3453_2023.json|7|||legislation|nazionale|art. 1, c. 163, l. n. 296/2006|dell’art. 1, c. 163, l. n. 296/2006||articolo-1_comma-163|L|||||||||296|2006|||||||||||||http://www.normattiva.it/uri-res/N2Ls?urn:nir:stato:legge:2006;296~art1-comma163|legge:2006;296|legge:2006;296_articolo-1|legge:2006;296_articolo-1_comma-163
Sentenza_V10_3453_2023.json|8|||legislation|nazionale|art. 2948, n. 4 del codice civile|art. 2948, n. 4 del codice civile|COD_CIV|articolo-2948_numero-4||||||||||||||||||||||||http://www.normattiva.it/uri-res/N2Ls?urn:nir:stato:regio.decreto:1942-03-16;262:2~art2948-num4|COD_CIV|COD_CIV_articolo-2948|
Sentenza_V10_3453_2023.json|9|||legislation|nazionale|art. 7 l. n. 212/2000|dell’art. 7 l. n. 212/2000||articolo-7|L|||||||||212|2000|||||||||||||http://www.normattiva.it/uri-res/N2Ls?urn:nir:stato:legge:2000;212~art7|legge:2000;212|legge:2000;212_articolo-7|
Sentenza_V10_3453_2023.json|10|||legislation|nazionale|art. 3 l. n. 241/90|dell’art. 3 l. n. 241/90||articolo-3|L|||||||||241|1990|||||||||||||http://www.normattiva.it/uri-res/N2Ls?urn:nir:stato:legge:1990;241~art3|legge:1990;241|legge:1990;241_articolo-3|
Sentenza_V10_3453_2023.json|11|||legislation|nazionale|art. 71 dlgs. n. 507/1993|dell’art. 71 dlgs. n. 507/1993||articolo-71|DLGS|||||||||507|1993|||||||||||||http://www.normattiva.it/uri-res/N2Ls?urn:nir:stato:decreto.legislativo:1993;507~art71|decreto.legislativo:1993;507|decreto.legislativo:1993;507_articolo-71|
Sentenza_V10_3453_2023.json|12|||legislation|nazionale|art. 24 Cost.|dell’art. 24 Cost.|COST|articolo-24||||||||||||||||||||||||http://www.normattiva.it/uri-res/N2Ls?urn:nir:stato:costituzione:1947-12-27~art24|COST|COST_articolo-24|
Sentenza_V10_7817_2023.json|1|||caselaw|nazionale|2014 Sentenza n. 7817/2023 Depositato il 06/06/2023|2014 Sentenza n. 7817/2023 Depositato il 06/06/2023|||SENT|||||||||7817|2014|||||2023-06-06|||||||||||
Sentenza_V10_7817_2023.json|2|||legislation|nazionale|codice civile, art.2934 e segg.|codice civile, art.2934 e segg.|COD_CIV|articolo-2934||||||||||||||||||||||||http://www.normattiva.it/uri-res/N2Ls?urn:nir:stato:regio.decreto:1942-03-16;262:2~art2934|COD_CIV|COD_CIV_articolo-2934|
Sentenza_V10_7817_2023.json|3|||legislation|nazionale|art.5 del D.l. 953/82|art.5 del D.l. 953/82||articolo-5|DL|||||||||953|1982|||||||||||||http://www.normattiva.it/uri-res/N2Ls?urn:nir:stato:decreto.legge:1982;953~art5|decreto.legge:1982;953|decreto.legge:1982;953_articolo-5|
Sentenza_V10_7817_2023.json|4|||legislation|nazionale|art.3 del D.l. 2/86|art.3 del D.l. 2/86||articolo-3|DL|||||||||2|1986|||||||||||||http://www.normattiva.it/uri-res/N2Ls?urn:nir:stato:decreto.legge:1986;2~art3|decreto.legge:1986;2|decreto.legge:1986;2_articolo-3|
Sentenza_V10_7817_2023.json|5|||legislation|nazionale|legge 60/86|legge 60/86|||L|||||||||60|1986|||||||||||||http://www.normattiva.it/uri-res/N2Ls?urn:nir:stato:legge:1986;60|legge:1986;60||
Sentenza_V10_8090_2023.json|1|||caselaw|nazionale|Sentenza n. 8090/2023 Depositato il 09/06/2023|Sentenza n. 8090/2023 Depositato il 09/06/2023|||SENT|CORTE_GIUST_TRIBUT_PROV||NA||12||||8090|2023|||||2023-06-09|||||||||||
Sentenza_V10_8090_2023.json|2|||caselaw|nazionale|sentenza del 26/9/2020|sentenza del 26/9/2020|||SENT||||||||||||||2020-09-26||||||||||||
Sentenza_V10_8090_2023.json|3|||caselaw|nazionale|sentenza 14/12/2021|sentenza 14/12/2021|||SENT||||||||||||||2021-12-14||||||||||||
Sentenza_V10_8090_2023.json|4|||legislation|nazionale|Legge n°60 del 07.03.1986|Legge n°60 del 07.03.1986|||L|||||||||60|||||1986-03-07|||||||||http://www.normattiva.it/uri-res/N2Ls?urn:nir:stato:legge:1986;60|legge:1986;60||
Sentenza_V16_372_2022.json|1|||caselaw|nazionale|Sentenza n. 372/2022 Depositato il 20/10/2022|Sentenza n. 372/2022 Depositato il 20/10/2022|||SENT|||||||||372|2022|||||2022-10-20|||||||||||
Sentenza_V16_372_2022.json|2|||legislation|nazionale|articolo 295 del c.p.c.|articolo 295 del c.p.c.|COD_PROC_CIV|articolo-295||||||||||||||||||||||||http://www.normattiva.it/uri-res/N2Ls?urn:nir:stato:regio.decreto:1940-10-28;1443:1~art295|COD_PROC_CIV|COD_PROC_CIV_articolo-295|
Sentenza_V16_372_2022.json|3|||caselaw|nazionale|sentenza del 13/4/2022, questa Corte|sentenza del 13/4/2022, questa Corte|||SENT||||||||||||||2022-04-13||||||||||||
Sentenza_V16_372_2022.json|4|||legislation|nazionale|D.L. 83/2012|D.L. 83/2012|||DL|||||||||83|2012|||||||||||||http://www.normattiva.it/uri-res/N2Ls?urn:nir:stato:decreto.legge:2012;83|decreto.legge:2012;83||
Sentenza_V20_830_2022.json|1|||caselaw|nazionale|Sentenza n. 830/2022 Depositato il 14/07/2022|Sentenza n. 830/2022 Depositato il 14/07/2022|||SENT|||||||||830|2022|||||2022-07-14|||||||||||
Sentenza_V20_830_2022.json|2|||unknown|nazionale|n. 90/2003|n. 90/2003|||DEL|||||||||90|2003||||||||||||||||
Sentenza_V20_830_2022.json|3|||legislation|nazionale|art. 5 DLgs 504/1992|art. 5 DLgs 504/1992||articolo-5|DLGS|||||||||504|1992|||||||||||||http://www.normattiva.it/uri-res/N2Ls?urn:nir:stato:decreto.legislativo:1992;504~art5|decreto.legislativo:1992;504|decreto.legislativo:1992;504_articolo-5|
Sentenza_V20_830_2022.json|4|||unknown|nazionale|delibera n 90/2003|delibera n 90/2003|||DEL|||||||||90|2003||||||||||||||||
Sentenza_V20_830_2022.json|5|||legislation|nazionale|art 59 DLgs 504/1992|dell’art 59 DLgs 504/1992||articolo-59|DLGS|||||||||504|1992|||||||||||||http://www.normattiva.it/uri-res/N2Ls?urn:nir:stato:decreto.legislativo:1992;504~art59|decreto.legislativo:1992;504|decreto.legislativo:1992;504_articolo-59|
Sentenza_V20_830_2022.json|6|||legislation|nazionale|art 7 del menzionato DLgs 504/1992|art 7 del menzionato DLgs 504/1992||articolo-7|DLGS|||||||||504|1992|||||||||||||http://www.normattiva.it/uri-res/N2Ls?urn:nir:stato:decreto.legislativo:1992;504~art7|decreto.legislativo:1992;504|decreto.legislativo:1992;504_articolo-7|
Sentenza_V20_830_2022.json|7|||unknown|nazionale|n. 90/2003|n. 90/2003|||DEL|||||||||90|2003||||||||||||||||
Sentenza_V22_3848_2021.json|1|||caselaw|nazionale|Sentenza n. 3848/2021 Depositato il 01/07/2021|Sentenza n. 3848/2021 Depositato il 01/07/2021|||SENT|COMM_TRIBUT_PROV||CS||07||||3848|2021|||||2021-07-01|||||||||||
Sentenza_V22_3848_2021.json|2|||legislation|nazionale|2 DL 137/2020|2 DL 137/2020||articolo-2|DL|||||||||137|2020|||||||||||||http://www.normattiva.it/uri-res/N2Ls?urn:nir:stato:decreto.legge:2020;137~art2|decreto.legge:2020;137|decreto.legge:2020;137_articolo-2|
Sentenza_V22_3848_2021.json|3|||legislation|nazionale|dlgs. 15 novembre 1993, n. 507, art. 71|dlgs. 15 novembre 1993, n. 507, art. 71||articolo-71|DLGS|||||||||507|||||1993-11-15|||||||||http://www.normattiva.it/uri-res/N2Ls?urn:nir:stato:decreto.legislativo:1993;507~art71|decreto.legislativo:1993;507|decreto.legislativo:1993;507_articolo-71|
Sentenza_V22_3848_2021.json|4|||caselaw|nazionale|Cass., trib.: 23 aprile 2004 n. 7818|Cass., trib.: 23 aprile 2004 n. 7818; 23 settembre 2004 n. 19165; 23 aprile 2002 n. 5895||||CORTE_CASS||||TRIBUTARIA||||7818||||CIVILE|2004-04-23|||||||||https://e-justice.europa.eu/ecli/it/ECLI:IT:CASS:2004:7818CIV.html|CASS:2004:7818CIV||
Sentenza_V22_3848_2021.json|5|||caselaw|nazionale|23 settembre 2004 n. 19165|Cass., trib.: 23 aprile 2004 n. 7818; 23 settembre 2004 n. 19165; 23 aprile 2002 n. 5895||||CORTE_CASS||||TRIBUTARIA||||19165||||CIVILE|2004-09-23|||||||||https://e-justice.europa.eu/ecli/it/ECLI:IT:CASS:2004:19165CIV.html|CASS:2004:19165CIV||
Sentenza_V22_3848_2021.json|6|||caselaw|nazionale|23 aprile 2002 n. 5895|Cass., trib.: 23 aprile 2004 n. 7818; 23 settembre 2004 n. 19165; 23 aprile 2002 n. 5895||||CORTE_CASS||||TRIBUTARIA||||5895||||CIVILE|2002-04-23|||||||||https://e-justice.europa.eu/ecli/it/ECLI:IT:CASS:2002:5895CIV.html|CASS:2002:5895CIV||
Sentenza_V22_3848_2021.json|7|||caselaw|nazionale|Cass., trib., 16 dicembre 2003 n. 19255|Cass., trib., 16 dicembre 2003 n. 19255, Cass., trib., 6 maggio 2005 n. 9433||||CORTE_CASS||||TRIBUTARIA||||19255||||CIVILE|2003-12-16|||||||||https://e-justice.europa.eu/ecli/it/ECLI:IT:CASS:2003:19255CIV.html|CASS:2003:19255CIV||
Sentenza_V22_3848_2021.json|8|||caselaw|nazionale|Cass., trib., 6 maggio 2005 n. 9433|Cass., trib., 16 dicembre 2003 n. 19255, Cass., trib., 6 maggio 2005 n. 9433||||CORTE_CASS||||TRIBUTARIA||||9433||||CIVILE|2005-05-06|||||||||https://e-justice.europa.eu/ecli/it/ECLI:IT:CASS:2005:9433CIV.html|CASS:2005:9433CIV||
Sentenza_V22_4978_2023.json|1|||caselaw|nazionale|2013 Sentenza n. 4978/2023 Depositato il 04/10/2023|2013 Sentenza n. 4978/2023 Depositato il 04/10/2023|||SENT|||||||||4978|2013|||||2023-10-04|||||||||||
Sentenza_V22_4978_2023.json|2|||legislation|nazionale|art. 7, comma 1, l. n. 212/2000|dell'art. 7, comma 1, l. n. 212/2000||articolo-7_comma-1|L|||||||||212|2000|||||||||||||http://www.normattiva.it/uri-res/N2Ls?urn:nir:stato:legge:2000;212~art7-comma1|legge:2000;212|legge:2000;212_articolo-7|legge:2000;212_articolo-7_comma-1
Sentenza_V22_4978_2023.json|3|||legislation|nazionale|decreto in data 28/06/2022|decreto in data 28/06/2022|||DECR||||||||||||||2022-06-28||||||||||||
Sentenza_V22_5547_2023.json|1|||caselaw|nazionale|CONS. 2020 Sentenza n. 5547/2023 Depositato il 02/11/2023|CONS. 2020 Sentenza n. 5547/2023 Depositato il 02/11/2023|||SENT|CONS_STATO||||||||5547|2020|||||2023-11-02||||||||https://e-justice.europa.eu/ecli/it/ECLI:IT:CDS:2020:5547SENT.html|CDS:2020:5547SENT||
Sentenza_V22_5547_2023.json|2|||legislation|nazionale|legge n.212/2000|legge n.212/2000|||L|||||||||212|2000||||2000-07-27|||||||||http://www.normattiva.it/uri-res/N2Ls?urn:nir:stato:legge:2000;212|legge:2000;212||
Sentenza_V22_5547_2023.json|3|||legislation|nazionale|legge n.241/1990|legge n.241/1990|||L|||||||||241|1990|||||||||||||http://www.normattiva.it/uri-res/N2Ls?urn:nir:stato:legge:1990;241|legge:1990;241||
Sentenza_V22_5547_2023.json|4|||legislation|nazionale|R.D. 13 febbraio 1933, n. 215, art. 21|R.D. 13 febbraio 1933, n. 215, art. 21||articolo-21|DECR|RE||||||||215|1933||||1933-02-13|||||||||http://www.normattiva.it/uri-res/N2Ls?urn:nir:re:decreto:1933;215~art21|re:decreto:1933;215|re:decreto:1933;215_articolo-21|
Sentenza_V22_5547_2023.json|5|||legislation|nazionale|L. 27 luglio 2000, n. 212, art. 7, comma 1|L. 27 luglio 2000, n. 212, art. 7, comma 1||articolo-7_comma-1|L|||||||||212|2000||||2000-07-27|||||||||http://www.normattiva.it/uri-res/N2Ls?urn:nir:stato:legge:2000;212~art7-comma1|legge:2000;212|legge:2000;212_articolo-7|legge:2000;212_articolo-7_comma-1
Sentenza_V22_5547_2023.json|6|||caselaw|nazionale|Cass. civ., Sez. Unite, Sent., (data ud. 27/04/2010|Cass. civ., Sez. Unite, Sent., (data ud. 27/04/2010) 14/05/2010, n. 11722 Cass. civ., Sez. 6, Ordinanza, 11/07/2018, n. 18224 Cass. civ., Sez. V, Sentenza, 08/10/2014, n. 21177Cass. civ., Sez. 6, Ordinanza, 18/04/2017, n. 9778|||SENT|CORTE_CASS||||UNITE||||||||CIVILE|2010-04-27||||||||||||
Sentenza_V22_5547_2023.json|7|||caselaw|nazionale|14/05/2010, n. 11722 Cass. civ., Sez. 6, Ordinanza|Cass. civ., Sez. Unite, Sent., (data ud. 27/04/2010) 14/05/2010, n. 11722 Cass. civ., Sez. 6, Ordinanza, 11/07/2018, n. 18224 Cass. civ., Sez. V, Sentenza, 08/10/2014, n. 21177Cass. civ., Sez. 6, Ordinanza, 18/04/2017, n. 9778|||SENT|CORTE_CASS||||6||||11722|2010|||CIVILE|2010-05-14|||||||||https://e-justice.europa.eu/ecli/it/ECLI:IT:CASS:2010:11722CIV.html|CASS:2010:11722CIV||
Sentenza_V22_5547_2023.json|8|||caselaw|nazionale|11/07/2018, n. 18224 Cass. civ., Sez. V, Sentenza|Cass. civ., Sez. Unite, Sent., (data ud. 27/04/2010) 14/05/2010, n. 11722 Cass. civ., Sez. 6, Ordinanza, 11/07/2018, n. 18224 Cass. civ., Sez. V, Sentenza, 08/10/2014, n. 21177Cass. civ., Sez. 6, Ordinanza, 18/04/2017, n. 9778|||SENT|CORTE_CASS||||5||||18224||||CIVILE|2018-07-11|||||||||https://e-justice.europa.eu/ecli/it/ECLI:IT:CASS:2018:18224CIV.html|CASS:2018:18224CIV||
Sentenza_V22_5547_2023.json|9|||caselaw|nazionale|08/10/2014, n. 21177Cass. civ., Sez. 6, Ordinanza|Cass. civ., Sez. Unite, Sent., (data ud. 27/04/2010) 14/05/2010, n. 11722 Cass. civ., Sez. 6, Ordinanza, 11/07/2018, n. 18224 Cass. civ., Sez. V, Sentenza, 08/10/2014, n. 21177Cass. civ., Sez. 6, Ordinanza, 18/04/2017, n. 9778|||SENT|CORTE_CASS||||6||||21177||||CIVILE|2014-10-08|||||||||https://e-justice.europa.eu/ecli/it/ECLI:IT:CASS:2014:21177CIV.html|CASS:2014:21177CIV||
Sentenza_V22_5547_2023.json|10|||caselaw|nazionale|18/04/2017, n. 9778|Cass. civ., Sez. Unite, Sent., (data ud. 27/04/2010) 14/05/2010, n. 11722 Cass. civ., Sez. 6, Ordinanza, 11/07/2018, n. 18224 Cass. civ., Sez. V, Sentenza, 08/10/2014, n. 21177Cass. civ., Sez. 6, Ordinanza, 18/04/2017, n. 9778|||SENT|CORTE_CASS||||6||||9778||||CIVILE|2017-04-18|||||||||https://e-justice.europa.eu/ecli/it/ECLI:IT:CASS:2017:9778CIV.html|CASS:2017:9778CIV||
Sentenza_V22_5547_2023.json|11|||legislation|regionale|delibera del Consiglio Regionale n.198 del 04/05/2017|delibera del Consiglio Regionale n.198 del 04/05/2017|||DEL|REGIONE_CONS|CAL|||||||198|||||2017-05-04||||||||||||
Sentenza_V22_5547_2023.json|12|||caselaw|nazionale|n. 26009 del 2008|n. 26009 del 2008||||CORTE_CASS||||UNITE||||26009|2008||||||||||||||||
Sentenza_V22_5547_2023.json|13|||caselaw|nazionale|Cass. sez. un. n. 11722 del 2010|Cass. sez. un. n. 11722 del 2010|||SENT|CORTE_CASS||||6||||11722|2010|||CIVILE|2010-05-14|||||||||https://e-justice.europa.eu/ecli/it/ECLI:IT:CASS:2010:11722CIV.html|CASS:2010:11722CIV||
Sentenza_V22_5547_2023.json|14|||caselaw|nazionale|Cass. n. 17066 del 2010|Cass. n. 17066 del 2010||||CORTE_CASS||||||||17066|2010||||||||||||||||
Sentenza_V22_5547_2023.json|15|||caselaw|nazionale|Cass. n. 20681 del 2014|Cass. n. 20681 del 2014||||CORTE_CASS||||||||20681|2014||||||||||||||||
Sentenza_V22_5547_2023.json|16|||caselaw|nazionale|Cass. n. 21176 del 2014|Cass. n. 21176 del 2014||||CORTE_CASS||||||||21176|2014||||||||||||||||
Sentenza_V22_5547_2023.json|17|||caselaw|nazionale|Cass. n. 3602 del 2017|Cass. n. 3602 del 2017||||CORTE_CASS||||||||3602|2017||||||||||||||||
Sentenza_V22_5547_2023.json|18|||caselaw|nazionale|Cass. n. 6839 del 2020|Cass. n. 6839 del 2020||||CORTE_CASS||||||||6839|2020||||||||||||||||
Sentenza_V22_5547_2023.json|19|||caselaw|nazionale|Cass. n. 2241 del 2015|Cass. n. 2241 del 2015||||CORTE_CASS||||||||2241|2015||||||||||||||||
Sentenza_V22_5547_2023.json|20|||caselaw|nazionale|Cass. n. 9511 del 2018|Cass. n. 9511 del 2018||||CORTE_CASS||||||||9511|2018||||||||||||||||
Sentenza_V22_5547_2023.json|21|||caselaw|nazionale|Cass. n. 24356 del 2016|Cass. n. 24356 del 2016||||CORTE_CASS||||||||24356|2016||||||||||||||||
Sentenza_V22_5547_2023.json|22|||caselaw|nazionale|Cass. n. 24070 del 2014|Cass. n. 24070 del 2014||||CORTE_CASS||||||||24070|2014||||||||||||||||
Sentenza_V22_5547_2023.json|23|||caselaw|nazionale|Cass. n. 654 del 2012|Cass. n. 654 del 2012||||CORTE_CASS||||||||654|2012||||||||||||||||
Sentenza_V22_5547_2023.json|24|||legislation|nazionale|R. D. n. 215 del 1933, art. 10, comma 2|R. D. n. 215 del 1933, art. 10, comma 2||articolo-10_comma-2|DECR|RE||||||||215|1933||||1933-02-13|||||||||http://www.normattiva.it/uri-res/N2Ls?urn:nir:re:decreto:1933;215~art10-comma2|re:decreto:1933;215|re:decreto:1933;215_articolo-10|re:decreto:1933;215_articolo-10_comma-2
Sentenza_V22_5547_2023.json|25|||legislation|nazionale|art. 117 Cost., comma 3|[LKN:ARTICLE:117:132]art. 117[/LKN] [LKN:LEG_ALIAS:COST:1110]Cost.[/LKN], [LKN:COMMA:3:127]comma 3[/LKN]|COST|articolo-117_comma-3||||||||||||||||||||||||http://www.normattiva.it/uri-res/N2Ls?urn:nir:stato:costituzione:1947-12-27~art117-comma3|COST|COST_articolo-117|COST_articolo-117_comma-3
Sentenza_V22_5547_2023.json|26|||caselaw|nazionale|Cass. sez. trib. n. 7366 del 2012|Cass. sez. trib. n. 7366 del 2012||||CORTE_CASS||||TRIBUTARIA||||7366|2012|||CIVILE||||||||||https://e-justice.europa.eu/ecli/it/ECLI:IT:CASS:2012:7366CIV.html|CASS:2012:7366CIV||
Sentenza_V22_5547_2023.json|27|||caselaw|nazionale|Cass. sez. trib. n. 7365 del 2012|Cass. sez. trib. n. 7365 del 2012||||CORTE_CASS||||TRIBUTARIA||||7365|2012|||CIVILE||||||||||https://e-justice.europa.eu/ecli/it/ECLI:IT:CASS:2012:7365CIV.html|CASS:2012:7365CIV||
Sentenza_V22_5547_2023.json|28|||caselaw|nazionale|Cass. sez. trib. n. 7364 del 2012|Cass. sez. trib. n. 7364 del 2012||||CORTE_CASS||||TRIBUTARIA||||7364|2012|||CIVILE||||||||||https://e-justice.europa.eu/ecli/it/ECLI:IT:CASS:2012:7364CIV.html|CASS:2012:7364CIV||
Sentenza_V22_5547_2023.json|29|||legislation|nazionale|art. 860 c.c.|art. 860 c.c.|COD_CIV|articolo-860||||||||||||||||||||||||http://www.normattiva.it/uri-res/N2Ls?urn:nir:stato:regio.decreto:1942-03-16;262:2~art860|COD_CIV|COD_CIV_articolo-860|
Sentenza_V22_5547_2023.json|30|||legislation|nazionale|R.D. 13 febbraio 1933, n. 215, art. 10|R.D. 13 febbraio 1933, n. 215, art. 10||articolo-10|DECR|RE||||||||215|1933||||1933-02-13|||||||||http://www.normattiva.it/uri-res/N2Ls?urn:nir:re:decreto:1933;215~art10|re:decreto:1933;215|re:decreto:1933;215_articolo-10|
Sentenza_V22_5547_2023.json|31|||caselaw|nazionale|Cass. sez. un. n. 26009 del 2008|Cass. sez. un. n. 26009 del 2008||||CORTE_CASS||||UNITE||||26009|2008||||||||||||||||
Sentenza_V22_5547_2023.json|32|||caselaw|nazionale|Cass. n. 9099 del 2012|Cass. n. 9099 del 2012; n. 4671 del 2012||||CORTE_CASS||||||||9099|2012||||||||||||||||
Sentenza_V22_5547_2023.json|33|||caselaw|nazionale|n. 4671 del 2012|Cass. n. 9099 del 2012; n. 4671 del 2012||||CORTE_CASS||||||||4671|2012||||||||||||||||
Sentenza_V22_5547_2023.json|34|||caselaw|nazionale|C. di Cassazione Sez. V, Ordinanza, 24/07/2023, n. 22176|C. di Cassazione Sez. V, Ordinanza, 24/07/2023, n. 22176|||ORD|CORTE_CASS||||5||||22176|||||2023-07-24||||||||||||
Sentenza_V22_5547_2023.json|35|||legislation|nazionale|artt. 860 cod. civ.|degli artt. 860 cod. civ.|COD_CIV|articolo-860||||||||||||||||||||||||http://www.normattiva.it/uri-res/N2Ls?urn:nir:stato:regio.decreto:1942-03-16;262:2~art860|COD_CIV|COD_CIV_articolo-860|
Sentenza_V22_5547_2023.json|36|||legislation|nazionale|R.D. n. 215 del 1933|R.D. n. 215 del 1933|||DECR|RE||||||||215|1933||||1933-02-13|||||||||http://www.normattiva.it/uri-res/N2Ls?urn:nir:re:decreto:1933;215|re:decreto:1933;215||
Sentenza_V22_5547_2023.json|37|||legislation|nazionale|artt. 860 cod. civ.|degli artt. 860 cod. civ.|COD_CIV|articolo-860||||||||||||||||||||||||http://www.normattiva.it/uri-res/N2Ls?urn:nir:stato:regio.decreto:1942-03-16;262:2~art860|COD_CIV|COD_CIV_articolo-860|
Sentenza_V22_5547_2023.json|38|||legislation|nazionale|R.D. 13 febbraio 1933, n. 215|R.D. 13 febbraio 1933, n. 215|||DECR|RE||||||||215|1933||||1933-02-13|||||||||http://www.normattiva.it/uri-res/N2Ls?urn:nir:re:decreto:1933;215|re:decreto:1933;215||
Sentenza_V22_5547_2023.json|39|||legislation|nazionale|artt. 860 c.c.|degli artt. 860 c.c.|COD_CIV|articolo-860||||||||||||||||||||||||http://www.normattiva.it/uri-res/N2Ls?urn:nir:stato:regio.decreto:1942-03-16;262:2~art860|COD_CIV|COD_CIV_articolo-860|
Sentenza_V22_5547_2023.json|40|||legislation|nazionale|R.D. n. 215 del 1933|R.D. n. 215 del 1933|||DECR|RE||||||||215|1933||||1933-02-13|||||||||http://www.normattiva.it/uri-res/N2Ls?urn:nir:re:decreto:1933;215|re:decreto:1933;215||
Sentenza_V22_5547_2023.json|41|||caselaw|nazionale|Cassazione Sentenza dell’ 08/04/2022, n. 11431 Ove|Cassazione Sentenza dell’ 08/04/2022, n. 11431 Ove|||SENT|CORTE_CASS||||||||11431|||||2022-04-08||||Ove|||||https://e-justice.europa.eu/ecli/it/ECLI:IT:CASS:2022:11431PEN.html|CASS:2022:11431PEN||
Sentenza_V22_5547_2023.json|42|||legislation|nazionale|art. 21 del R.D. n. 215 del 1933|art. 21 del R.D. n. 215 del 1933||articolo-21|DECR|RE||||||||215|1933||||1933-02-13|||||||||http://www.normattiva.it/uri-res/N2Ls?urn:nir:re:decreto:1933;215~art21|re:decreto:1933;215|re:decreto:1933;215_articolo-21|
Sentenza_V22_5547_2023.json|43|||caselaw|nazionale|Cass. civ., Sez. I, Sentenza, 20/11/2015, n. 23815 (rv. 637770) Ritenuto|Cass. civ., Sez. I, Sentenza, 20/11/2015, n. 23815 (rv. 637770) Ritenuto|||SENT|CORTE_CASS||||1||||23815||||CIVILE|2015-11-20||||Ritenuto|||637770||https://e-justice.europa.eu/ecli/it/ECLI:IT:CASS:2015:23815CIV.html|CASS:2015:23815CIV||
Sentenza_V22_5547_2023.json|44|||legislation|regionale|art 1 della legge regionale Calabria n. 13 del 2017|art 1 della legge regionale Calabria n. 13 del 2017||articolo-1|L|REGIONE|CAL|||||||13|2017|||||||||||||http://www.normattiva.it/uri-res/N2Ls?urn:nir:regione.calabria:legge:2017;13~art1|regione.calabria:legge:2017;13|regione.calabria:legge:2017;13_articolo-1|
Sentenza_V22_5547_2023.json|45|||legislation|regionale|art. 23 legge regionale n. 11 del 2003|art. 23 legge regionale n. 11 del 2003||articolo-23|L|REGIONE|CAL|||||||11|2003|||||||||||||http://www.normattiva.it/uri-res/N2Ls?urn:nir:regione.calabria:legge:2003;11~art23|regione.calabria:legge:2003;11|regione.calabria:legge:2003;11_articolo-23|
Sentenza_V22_5547_2023.json|46|||caselaw|nazionale|sentenza della Corte costituzionale n. 188 del 2018|sentenza della Corte costituzionale n. 188 del 2018|||SENT|CORTE_COST||||||||188|2018|||||||||||||http://www.cortecostituzionale.it/actionSchedaPronuncia.do?param_ecli=ECLI:IT:COST:2018:188|COST:2018:188||
Sentenza_V22_5547_2023.json|47|||legislation|nazionale|art. 2697 c.c.|art. 2697 c.c.|COD_CIV|articolo-2697||||||||||||||||||||||||http://www.normattiva.it/uri-res/N2Ls?urn:nir:stato:regio.decreto:1942-03-16;262:2~art2697|COD_CIV|COD_CIV_articolo-2697|
Sentenza_V31_1512_2022.json|1|||caselaw|nazionale|Sentenza n. 1512/2022 Depositato il 21/04/2022|Sentenza n. 1512/2022 Depositato il 21/04/2022|||SENT|||||||||1512|2022|||||2022-04-21|||||||||||
Sentenza_V31_1512_2022.json|2|||legislation|nazionale|art. 43 DPR n. 600/73|art. 43 DPR n. 600/73||articolo-43|DECR|PRES_REP||||||||600|1973|||||||||||||http://www.normattiva.it/uri-res/N2Ls?urn:nir:presidente.repubblica:decreto:1973;600~art43|presidente.repubblica:decreto:1973;600|presidente.repubblica:decreto:1973;600_articolo-43|
Sentenza_V31_1512_2022.json|3|||caselaw|nazionale|Sezioni Unite della Corte di Cassazione (sent. n. 8500/2021|Sezioni Unite della Corte di Cassazione (sent. n. 8500/2021|||SENT|CORTE_CASS||||UNITE||||8500|2021||||||||||||||||
Sentenza_V31_1512_2022.json|4|||legislation|nazionale|art. 43 DPR n. 600/1973|art. 43 DPR n. 600/1973||articolo-43|DECR|PRES_REP||||||||600|1973|||||||||||||http://www.normattiva.it/uri-res/N2Ls?urn:nir:presidente.repubblica:decreto:1973;600~art43|presidente.repubblica:decreto:1973;600|presidente.repubblica:decreto:1973;600_articolo-43|
Sentenza_V31_207_2021.json|1|||caselaw|nazionale|Sentenza n. 207/2021 Depositato il 22/01/2021|Sentenza n. 207/2021 Depositato il 22/01/2021|||SENT|||||||||207|2021|||||2021-01-22|||||||||||
Sentenza_V31_207_2021.json|2|||caselaw|nazionale|Commissione Tributaria Provinciale il 22.11.2018, Ricorrente_1|Commissione Tributaria Provinciale il 22.11.2018, Ricorrente_1||||COMM_TRIBUT_PROV||||||||1|||||2018-11-22||||Ricorrente||||||||
Sentenza_V31_207_2021.json|3|||caselaw|nazionale|sentenza della Commissione Tributaria provinciale di RC n. 5382/15|sentenza della Commissione Tributaria provinciale di RC n. 5382/15|||SENT|COMM_TRIBUT_PROV|||||||||||5382/15||||||||||||||
Sentenza_V40_875_2022.json|1|||caselaw|nazionale|Sentenza n. 875/2022 Depositato il 07/02/2022|Sentenza n. 875/2022 Depositato il 07/02/2022|||SENT|||||||||875|2022|||||2022-02-07|||||||||||
Sentenza_V43_3075_2022.json|1|||caselaw|nazionale|Sentenza n. 3075/2022 Depositato il 21/12/2022|Sentenza n. 3075/2022 Depositato il 21/12/2022|||SENT|||||||||3075|2022|||||2022-12-21|||||||||||
Sentenza_V43_3075_2022.json|2|||legislation|nazionale|art. 51 del d.p.r. 131/86|art. 51 del d.p.r. 131/86||articolo-51|DECR|PRES_REP||||||||131|1986|||||||||||||http://www.normattiva.it/uri-res/N2Ls?urn:nir:presidente.repubblica:decreto:1986;131~art51|presidente.repubblica:decreto:1986;131|presidente.repubblica:decreto:1986;131_articolo-51|
Sentenza_V43_3075_2022.json|3|||legislation|nazionale|artt. 51|artt. 51 e 52 del d.p.r. 131/1986||articolo-51|DECR|PRES_REP||||||||131|1986|||||||||||||http://www.normattiva.it/uri-res/N2Ls?urn:nir:presidente.repubblica:decreto:1986;131~art51|presidente.repubblica:decreto:1986;131|presidente.repubblica:decreto:1986;131_articolo-51|
Sentenza_V43_3075_2022.json|4|||legislation|nazionale|52 del d.p.r. 131/1986|artt. 51 e 52 del d.p.r. 131/1986||articolo-52|DECR|PRES_REP||||||||131|1986|||||||||||||http://www.normattiva.it/uri-res/N2Ls?urn:nir:presidente.repubblica:decreto:1986;131~art52|presidente.repubblica:decreto:1986;131|presidente.repubblica:decreto:1986;131_articolo-52|
Sentenza_V43_3075_2022.json|5|||caselaw|nazionale|sentenze 10747/2020|sentenze 10747/2020, 13203/2020, 13598/2020|||SENT|CORTE_CASS||||||||10747|2020||||||||||||||||
Sentenza_V43_3075_2022.json|6|||caselaw|nazionale|13203/2020|sentenze 10747/2020, 13203/2020, 13598/2020|||SENT|CORTE_CASS||||||||13203|2020||||||||||||||||
Sentenza_V43_3075_2022.json|7|||caselaw|nazionale|13598/2020|sentenze 10747/2020, 13203/2020, 13598/2020|||SENT|CORTE_CASS||||||||13598|2020||||||||||||||||
Sentenza_Z29_2235_2023.json|1|||caselaw|nazionale|sentenza n. 6477/2021|pronuncia sentenza n. 6477/2021|||SENT|||||||||6477|2021||||||||||||||||
Sentenza_Z29_2235_2023.json|2|||caselaw|nazionale|Sentenza n. 2235/2023 Depositato il 05/04/2023|Sentenza n. 2235/2023 Depositato il 05/04/2023|||SENT|COMM_TRIBUT_PROV||NA||40||||2235|2023|||||2023-04-05|||||||||||
Sentenza_Z29_2235_2023.json|3|||caselaw|nazionale|sentenza n. 6477/2021|sentenza n. 6477/2021|||SENT|||||||||6477|2021||||||||||||||||
Sentenza_Z29_2235_2023.json|4|||legislation|nazionale|art. 21 D.L.vo 546/1992|art. 21 D.L.vo 546/1992||articolo-21|DLGS|||||||||546|1992|||||||||||||http://www.normattiva.it/uri-res/N2Ls?urn:nir:stato:decreto.legislativo:1992;546~art21|decreto.legislativo:1992;546|decreto.legislativo:1992;546_articolo-21|
Sentenza_Z29_2235_2023.json|5|||legislation|nazionale|art. 21 D.L.vo 546/1992|art. 21 D.L.vo 546/1992||articolo-21|DLGS|||||||||546|1992|||||||||||||http://www.normattiva.it/uri-res/N2Ls?urn:nir:stato:decreto.legislativo:1992;546~art21|decreto.legislativo:1992;546|decreto.legislativo:1992;546_articolo-21|
Sentenza_Z29_7978_2022.json|1|||caselaw|nazionale|sentenza n. 1776/2022|pronuncia sentenza n. 1776/2022|||SENT|COMM_TRIBUT_PROV||CE||||||1776|2022||||2022-06-07||||||||||||
Sentenza_Z29_7978_2022.json|2|||caselaw|nazionale|Sentenza n. 7978/2022 Depositato il 19/12/2022|Sentenza n. 7978/2022 Depositato il 19/12/2022|||SENT|COMM_TRIBUT_PROV||CE||12||||7978|2022|||||2022-12-19|||||||||||
Sentenza_Z29_7978_2022.json|3|||caselaw|nazionale|sentenza n. 1776 del 07/06/2022 la CTP di Caserta|sentenza n. 1776 del 07/06/2022 la CTP di Caserta|||SENT|COMM_TRIBUT_PROV||CE||||||1776|2022||||2022-06-07||||||||||||
Sentenza_Z29_7978_2022.json|4|||legislation|nazionale|art. 22, comma 2, del dlgs. 546/92|art. 22, comma 2, del dlgs. 546/92||articolo-22_comma-2|DLGS|||||||||546|1992|||||||||||||http://www.normattiva.it/uri-res/N2Ls?urn:nir:stato:decreto.legislativo:1992;546~art22-comma2|decreto.legislativo:1992;546|decreto.legislativo:1992;546_articolo-22|decreto.legislativo:1992;546_articolo-22_comma-2
Sentenza_Z31_3048_2022.json|1|||caselaw|nazionale|sentenza n. 3005/2017|pronuncia sentenza n. 3005/2017|||SENT|||||||||3005|2017||||||||||||||||
Sentenza_Z31_3048_2022.json|2|||caselaw|nazionale|Sentenza n. 3048/2022 Depositato il 17/11/2022|Sentenza n. 3048/2022 Depositato il 17/11/2022|||SENT|COMM_TRIBUT_PROV||BA||3||||3048|2022|||||2022-11-17|||||||||||
Sentenza_Z31_3048_2022.json|3|||caselaw|nazionale|Cassazione (n. 651/2012 e n. 11158 del 10.05.2013|Cassazione (n. 651/2012 e n. 11158 del 10.05.2013||||CORTE_CASS||||||||651|2012||||2013-05-10||||||||||||
Sentenza_Z31_3048_2022.json|4|||caselaw|nazionale|Corte di Cassazione sez. V del 18 Gennaio 2012 n. 651|Corte di Cassazione sez. V del 18 Gennaio 2012 n. 651||||CORTE_CASS||||5||||651|||||2012-01-18||||||||||||
Sentenza_Z31_3048_2022.json|5|||caselaw|nazionale|2015 con sentenza n. 5387/2015 del Tribunale di Bari 3^ Sez.Civile|2015 con sentenza n. 5387/2015 del Tribunale di Bari 3^ Sez.|||SENT|TRIB||BA||3||||5387|2015|||CIVILE|||||||||||||
Sentenza_Z31_3163_2023.json|1|||caselaw|nazionale|sentenza n. 1610/2017|pronuncia sentenza n. 1610/2017|||SENT|COMM_TRIBUT_PROV||TA||3||||1610|2017||||2017-04-06|2017-08-18|||||||||||
Sentenza_Z31_3163_2023.json|2|||caselaw|nazionale|Sentenza n. 3163/2023 Depositato il 09/11/2023|Sentenza n. 3163/2023 Depositato il 09/11/2023|||SENT|||||||||3163|2023|||||2023-11-09|||||||||||
Sentenza_Z31_3163_2023.json|3|||caselaw|nazionale|CTP di Taranto, sez. III, con sentenza n. 1610 del 6.4.2017, depositata il 18.8.2017|CTP di Taranto, sez. III, con sentenza n. 1610 del 6.4.2017, depositata il 18.8.2017|||SENT|COMM_TRIBUT_PROV||TA||3||||1610|2017||||2017-04-06|2017-08-18|||||||||||
Sentenza_Z31_3163_2023.json|4|||caselaw|nazionale|sentenza della CTP di Taranto n. 1610 del 6.4.2017, depositata il 18.8.2017|sentenza della CTP di Taranto n. 1610 del 6.4.2017, depositata il 18.8.2017|||SENT|COMM_TRIBUT_PROV||TA||3||||1610|2017||||2017-04-06|2017-08-18|||||||||||
Sentenza_Z31_3163_2023.json|5|||legislation|nazionale|art. 12, comma 7, legge 212/2000|dell’art. 12, comma 7, legge 212/2000||articolo-12_comma-7|L|||||||||212|2000|||||||||||||http://www.normattiva.it/uri-res/N2Ls?urn:nir:stato:legge:2000;212~art12-comma7|legge:2000;212|legge:2000;212_articolo-12|legge:2000;212_articolo-12_comma-7
Sentenza_Z31_3163_2023.json|6|||caselaw|nazionale|sentenza di Cassazione S.U. n. 24823/2015|sentenza di Cassazione S.U. n. 24823/2015|||SENT|CORTE_CASS||||UNITE||||24823|2015||||||||||||||||
Sentenza_Z31_3163_2023.json|7|||legislation|nazionale|art. 57, comma 1, DPR 633/72|dell’art. 57, comma 1, DPR 633/72||articolo-57_comma-1|DECR|PRES_REP||||||||633|1972||||1972-10-26|||||||||http://www.normattiva.it/uri-res/N2Ls?urn:nir:presidente.repubblica:decreto:1972;633~art57-comma1|presidente.repubblica:decreto:1972;633|presidente.repubblica:decreto:1972;633_articolo-57|presidente.repubblica:decreto:1972;633_articolo-57_comma-1
Sentenza_Z31_3163_2023.json|8|||legislation|nazionale|art. 112 c.p.c.|art. 112 c.p.c.|COD_PROC_CIV|articolo-112||||||||||||||||||||||||http://www.normattiva.it/uri-res/N2Ls?urn:nir:stato:regio.decreto:1940-10-28;1443:1~art112|COD_PROC_CIV|COD_PROC_CIV_articolo-112|
Sentenza_Z31_3163_2023.json|9|||legislation|nazionale|art. 7 del D.L. 269/2003|art. 7 del D.L. 269/2003||articolo-7|DL|||||||||269|2003|||||||||||||http://www.normattiva.it/uri-res/N2Ls?urn:nir:stato:decreto.legge:2003;269~art7|decreto.legge:2003;269|decreto.legge:2003;269_articolo-7|
Sentenza_Z31_3163_2023.json|10|||legislation|nazionale|Ordinanza n. 504/2018 del 27.4.2018|Ordinanza n. 504/2018 del 27.4.2018, reg.|||ORD|||||||||504|2018||||2018-04-27||||||||||||
Sentenza_Z31_3163_2023.json|11|||legislation|nazionale|art. 12, comma 7, legge 212/2000|dell’art. 12, comma 7, legge 212/2000||articolo-12_comma-7|L|||||||||212|2000|||||||||||||http://www.normattiva.it/uri-res/N2Ls?urn:nir:stato:legge:2000;212~art12-comma7|legge:2000;212|legge:2000;212_articolo-12|legge:2000;212_articolo-12_comma-7
Sentenza_Z31_3163_2023.json|12|||caselaw|nazionale|sentenza di Cassazione S.U. n. 24823/2015|sentenza di Cassazione S.U. n. 24823/2015|||SENT|CORTE_CASS||||UNITE||||24823|2015||||||||||||||||
Sentenza_Z31_3163_2023.json|13|||legislation|nazionale|art. 12, comma 7, legge 212/2000|dell’art. 12, comma 7, legge 212/2000||articolo-12_comma-7|L|||||||||212|2000|||||||||||||http://www.normattiva.it/uri-res/N2Ls?urn:nir:stato:legge:2000;212~art12-comma7|legge:2000;212|legge:2000;212_articolo-12|legge:2000;212_articolo-12_comma-7
Sentenza_Z31_3163_2023.json|14|||caselaw|nazionale|sentenza di Cassazione S.U. n. 24823/2015|sentenza di Cassazione S.U. n. 24823/2015|||SENT|CORTE_CASS||||UNITE||||24823|2015||||||||||||||||
Sentenza_Z31_3163_2023.json|15|||legislation|nazionale|art. 12, comma 7, legge 212/2000|dell’art. 12, comma 7, legge 212/2000||articolo-12_comma-7|L|||||||||212|2000|||||||||||||http://www.normattiva.it/uri-res/N2Ls?urn:nir:stato:legge:2000;212~art12-comma7|legge:2000;212|legge:2000;212_articolo-12|legge:2000;212_articolo-12_comma-7
Sentenza_Z31_3163_2023.json|16|||caselaw|nazionale|Corte di Cassazione (Ord. 23690/2013|Corte di Cassazione (Ord. 23690/2013|||ORD|CORTE_CASS||||||||23690|2013||||||||||||||||
Sentenza_Z31_3163_2023.json|17|||legislation|nazionale|art. 12, comma 7, legge 212/2000|art. 12, comma 7, legge 212/2000||articolo-12_comma-7|L|||||||||212|2000|||||||||||||http://www.normattiva.it/uri-res/N2Ls?urn:nir:stato:legge:2000;212~art12-comma7|legge:2000;212|legge:2000;212_articolo-12|legge:2000;212_articolo-12_comma-7
Sentenza_Z31_3163_2023.json|18|||caselaw|nazionale|Cass. 11944/2012|Cass. 11944/2012||||CORTE_CASS||||||||11944|2012||||||||||||||||
Sentenza_Z31_3163_2023.json|19|||legislation|nazionale|L. n. 212 del 2000, comma 7, dell’art. 12|L. n. 212 del 2000, comma 7, dell’art. 12||articolo-12_comma-7|L|||||||||212|2000|||||||||||||http://www.normattiva.it/uri-res/N2Ls?urn:nir:stato:legge:2000;212~art12-comma7|legge:2000;212|legge:2000;212_articolo-12|legge:2000;212_articolo-12_comma-7
Sentenza_Z31_3163_2023.json|20|||caselaw|nazionale|Cass. S.U. n. 24823/2015|Cass. S.U. n. 24823/2015|||SENT|CORTE_CASS||||UNITE||||24823|2015||||||||||||||||
Sentenza_Z31_3163_2023.json|21|||caselaw|nazionale|Cass. nn. 19328|Cass. nn. 19328||||CORTE_CASS||||||||19328|||||||||||||||||
Sentenza_Z31_3163_2023.json|22|||caselaw|nazionale|Cass. Sez. VI, n. 9084/2021|Cass. Sez. VI, n. 9084/2021||||CORTE_CASS||||6||||9084|2021||||||||||||||||
Sentenza_Z31_3163_2023.json|23|||legislation|nazionale|art. 12, comma 7, legge 212/2000|dell’art. 12, comma 7, legge 212/2000||articolo-12_comma-7|L|||||||||212|2000|||||||||||||http://www.normattiva.it/uri-res/N2Ls?urn:nir:stato:legge:2000;212~art12-comma7|legge:2000;212|legge:2000;212_articolo-12|legge:2000;212_articolo-12_comma-7
Sentenza_Z31_3163_2023.json|24|||caselaw|nazionale|sentenza di Cassazione S.U. n. 24823/2015|sentenza di Cassazione S.U. n. 24823/2015|||SENT|CORTE_CASS||||UNITE||||24823|2015||||||||||||||||
Sentenza_Z31_3163_2023.json|25|||caselaw|nazionale|Cass., sez. V, sentenza n. 15530 del 30.06.2010|Cass., sez. V, sentenza n. 15530 del 30.06.2010|||SENT|CORTE_CASS||||5||||15530|||||2010-06-30||||||||||||
Sentenza_Z31_3163_2023.json|26|||caselaw|nazionale|Cass., 5 febbraio 2014, n. 2587|Cass., 5 febbraio 2014, n. 2587; 23 luglio 2020, n. 15843||||CORTE_CASS||||||||2587|||||2014-02-05||||||||||||
Sentenza_Z31_3163_2023.json|27|||caselaw|nazionale|23 luglio 2020, n. 15843|Cass., 5 febbraio 2014, n. 2587; 23 luglio 2020, n. 15843||||CORTE_CASS||||||||15843|||||2020-07-23||||||||||||
Sentenza_Z31_3163_2023.json|28|||legislation|nazionale|art. 57, comma 1, DPR 633/72|dell’art. 57, comma 1, DPR 633/72||articolo-57_comma-1|DECR|PRES_REP||||||||633|1972||||1972-10-26|||||||||http://www.normattiva.it/uri-res/N2Ls?urn:nir:presidente.repubblica:decreto:1972;633~art57-comma1|presidente.repubblica:decreto:1972;633|presidente.repubblica:decreto:1972;633_articolo-57|presidente.repubblica:decreto:1972;633_articolo-57_comma-1
Sentenza_Z31_3163_2023.json|29|||legislation|nazionale|art. 43, comma 3, del DPR n.600/73|art. 43, comma 3, del DPR n.600/73||articolo-43_comma-3|DECR|PRES_REP||||||||600|1973||||1973-09-29|||||||||http://www.normattiva.it/uri-res/N2Ls?urn:nir:presidente.repubblica:decreto:1973;600~art43-comma3|presidente.repubblica:decreto:1973;600|presidente.repubblica:decreto:1973;600_articolo-43|presidente.repubblica:decreto:1973;600_articolo-43_comma-3
Sentenza_Z31_3163_2023.json|30|||legislation|nazionale|art. 57, comma 3, del DPR n. 633/72|art. 57, comma 3, del DPR n. 633/72||articolo-57_comma-3|DECR|PRES_REP||||||||633|1972||||1972-10-26|||||||||http://www.normattiva.it/uri-res/N2Ls?urn:nir:presidente.repubblica:decreto:1972;633~art57-comma3|presidente.repubblica:decreto:1972;633|presidente.repubblica:decreto:1972;633_articolo-57|presidente.repubblica:decreto:1972;633_articolo-57_comma-3
Sentenza_Z31_3163_2023.json|31|||legislation|nazionale|art. 37, commi 24|art. 37, commi 24 e 25, del D.L. n. 223/2006||articolo-37_comma-24|DL|||||||||223|2006|||||||||||||http://www.normattiva.it/uri-res/N2Ls?urn:nir:stato:decreto.legge:2006;223~art37-comma24|decreto.legge:2006;223|decreto.legge:2006;223_articolo-37|decreto.legge:2006;223_articolo-37_comma-24
Sentenza_Z31_3163_2023.json|32|||legislation|nazionale|25, del D.L. n. 223/2006|art. 37, commi 24 e 25, del D.L. n. 223/2006||articolo-37_comma-25|DL|||||||||223|2006|||||||||||||http://www.normattiva.it/uri-res/N2Ls?urn:nir:stato:decreto.legge:2006;223~art37-comma25|decreto.legge:2006;223|decreto.legge:2006;223_articolo-37|decreto.legge:2006;223_articolo-37_comma-25
Sentenza_Z31_3163_2023.json|33|||legislation|nazionale|D.P.R. n. 600 del 1973, art. 43, comma 3|D.P.R. n. 600 del 1973, art. 43, comma 3||articolo-43_comma-3|DECR|PRES_REP||||||||600|1973||||1973-09-29|||||||||http://www.normattiva.it/uri-res/N2Ls?urn:nir:presidente.repubblica:decreto:1973;600~art43-comma3|presidente.repubblica:decreto:1973;600|presidente.repubblica:decreto:1973;600_articolo-43|presidente.repubblica:decreto:1973;600_articolo-43_comma-3
Sentenza_Z31_3163_2023.json|34|||legislation|nazionale|D.P.R. n. 633 del 1972, art. 57, comma 3|D.P.R. n. 633 del 1972, art. 57, comma 3||articolo-57_comma-3|DECR|PRES_REP||||||||633|1972||||1972-10-26|||||||||http://www.normattiva.it/uri-res/N2Ls?urn:nir:presidente.repubblica:decreto:1972;633~art57-comma3|presidente.repubblica:decreto:1972;633|presidente.repubblica:decreto:1972;633_articolo-57|presidente.repubblica:decreto:1972;633_articolo-57_comma-3
Sentenza_Z31_3163_2023.json|35|||legislation|nazionale|D.L. n. 223 del 2006, art. 37|D.L. n. 223 del 2006, art. 37||articolo-37|DL|||||||||223|2006|||||||||||||http://www.normattiva.it/uri-res/N2Ls?urn:nir:stato:decreto.legge:2006;223~art37|decreto.legge:2006;223|decreto.legge:2006;223_articolo-37|
Sentenza_Z31_3163_2023.json|36|||legislation|nazionale|L. 4 agosto 2006, n. 248|L. 4 agosto 2006, n. 248|||L|||||||||248|||||2006-08-04|||||||||http://www.normattiva.it/uri-res/N2Ls?urn:nir:stato:legge:2006;248|legge:2006;248||
Sentenza_Z31_3163_2023.json|37|||legislation|nazionale|art. 331 c.p.c.|dell'art. 331 c.p.c.|COD_PROC_CIV|articolo-331||||||||||||||||||||||||http://www.normattiva.it/uri-res/N2Ls?urn:nir:stato:regio.decreto:1940-10-28;1443:1~art331|COD_PROC_CIV|COD_PROC_CIV_articolo-331|
Sentenza_Z31_3163_2023.json|38|||legislation|nazionale|dlgs. 10 marzo 2000, n. 74|dlgs. 10 marzo 2000, n. 74|||DLGS|||||||||74|2000||||2000-03-10|||||||||http://www.normattiva.it/uri-res/N2Ls?urn:nir:stato:decreto.legislativo:2000;74|decreto.legislativo:2000;74||
Sentenza_Z31_3163_2023.json|39|||legislation|nazionale|D.L. n. 223 del 2006, art. 37|D.L. n. 223 del 2006, art. 37||articolo-37|DL|||||||||223|2006|||||||||||||http://www.normattiva.it/uri-res/N2Ls?urn:nir:stato:decreto.legge:2006;223~art37|decreto.legge:2006;223|decreto.legge:2006;223_articolo-37|
Sentenza_Z31_3163_2023.json|40|||legislation|nazionale|D.P.R. 29 settembre 1973, n. 600, art. 43, commi 1|D.P.R. 29 settembre 1973, n. 600, art. 43, commi 1 e 2||articolo-43_comma-1|DECR|PRES_REP||||||||600|1973||||1973-09-29|||||||||http://www.normattiva.it/uri-res/N2Ls?urn:nir:presidente.repubblica:decreto:1973;600~art43-comma1|presidente.repubblica:decreto:1973;600|presidente.repubblica:decreto:1973;600_articolo-43|presidente.repubblica:decreto:1973;600_articolo-43_comma-1
Sentenza_Z31_3163_2023.json|41|||legislation|nazionale|2|D.P.R. 29 settembre 1973, n. 600, art. 43, commi 1 e 2||articolo-43_comma-2|DECR|PRES_REP||||||||600|||||1973-09-29|||||||||http://www.normattiva.it/uri-res/N2Ls?urn:nir:presidente.repubblica:decreto:1973;600~art43-comma2|presidente.repubblica:decreto:1973;600|presidente.repubblica:decreto:1973;600_articolo-43|presidente.repubblica:decreto:1973;600_articolo-43_comma-2
Sentenza_Z31_3163_2023.json|42|||legislation|nazionale|D.P.R. 26 ottobre 1972, n. 633, art. 57|D.P.R. 26 ottobre 1972, n. 633, art. 57||articolo-57|DECR|PRES_REP||||||||633|1972||||1972-10-26|||||||||http://www.normattiva.it/uri-res/N2Ls?urn:nir:presidente.repubblica:decreto:1972;633~art57|presidente.repubblica:decreto:1972;633|presidente.repubblica:decreto:1972;633_articolo-57|
Sentenza_Z31_3163_2023.json|43|||caselaw|nazionale|sentenza della Corte costituzionale n. 247 del 2011|sentenza della Corte costituzionale n. 247 del 2011|||SENT|CORTE_COST||||||||247|2011|||||||||||||http://www.cortecostituzionale.it/actionSchedaPronuncia.do?param_ecli=ECLI:IT:COST:2011:247|COST:2011:247||
Sentenza_Z31_3163_2023.json|44|||caselaw|nazionale|Cass. n. 20043|Cass. n. 20043 e n. 9974 del 2015||||CORTE_CASS||||||||20043|2015||||||||||||||||
Sentenza_Z31_3163_2023.json|45|||caselaw|nazionale|n. 9974 del 2015|Cass. n. 20043 e n. 9974 del 2015||||CORTE_CASS||||||||9974|2015||||||||||||||||
Sentenza_Z31_3163_2023.json|46|||legislation|nazionale|dlgs. n. 74 del 2000|dlgs. n. 74 del 2000|||DLGS|||||||||74|2000||||2000-03-10|||||||||http://www.normattiva.it/uri-res/N2Ls?urn:nir:stato:decreto.legislativo:2000;74|decreto.legislativo:2000;74||
Sentenza_Z31_3163_2023.json|47|||caselaw|nazionale|Corte costituzionale con la sentenza n. 247 del 2011|Corte costituzionale con la sentenza n. 247 del 2011|||SENT|CORTE_COST||||||||247|2011|||||||||||||http://www.cortecostituzionale.it/actionSchedaPronuncia.do?param_ecli=ECLI:IT:COST:2011:247|COST:2011:247||
Sentenza_Z31_3163_2023.json|48|||legislation|nazionale|D.P.R. n. 633 del 1972, art. 57, commi 1|D.P.R. n. 633 del 1972, art. 57, commi 1 e 2||articolo-57_comma-1|DECR|PRES_REP||||||||633|1972||||1972-10-26|||||||||http://www.normattiva.it/uri-res/N2Ls?urn:nir:presidente.repubblica:decreto:1972;633~art57-comma1|presidente.repubblica:decreto:1972;633|presidente.repubblica:decreto:1972;633_articolo-57|presidente.repubblica:decreto:1972;633_articolo-57_comma-1
Sentenza_Z31_3163_2023.json|49|||legislation|nazionale|2|D.P.R. n. 633 del 1972, art. 57, commi 1 e 2||articolo-57_comma-2|DECR|PRES_REP||||||||633|1972|||||||||||||http://www.normattiva.it/uri-res/N2Ls?urn:nir:presidente.repubblica:decreto:1972;633~art57-comma2|presidente.repubblica:decreto:1972;633|presidente.repubblica:decreto:1972;633_articolo-57|presidente.repubblica:decreto:1972;633_articolo-57_comma-2
Sentenza_Z31_3163_2023.json|50|||legislation|nazionale|dlgs. n. 74 del 2000|dlgs. n. 74 del 2000|||DLGS|||||||||74|2000||||2000-03-10|||||||||http://www.normattiva.it/uri-res/N2Ls?urn:nir:stato:decreto.legislativo:2000;74|decreto.legislativo:2000;74||
Sentenza_Z31_3163_2023.json|51|||legislation|nazionale|D.P.R. n. 600 del 1973, art. 43|D.P.R. n. 600 del 1973, art. 43||articolo-43|DECR|PRES_REP||||||||600|1973||||1973-09-29|||||||||http://www.normattiva.it/uri-res/N2Ls?urn:nir:presidente.repubblica:decreto:1973;600~art43|presidente.repubblica:decreto:1973;600|presidente.repubblica:decreto:1973;600_articolo-43|
Sentenza_Z31_3163_2023.json|52|||legislation|nazionale|D.P.R. n. 633 del 1972, art. 57|D.P.R. n. 633 del 1972, art. 57||articolo-57|DECR|PRES_REP||||||||633|1972||||1972-10-26|||||||||http://www.normattiva.it/uri-res/N2Ls?urn:nir:presidente.repubblica:decreto:1972;633~art57|presidente.repubblica:decreto:1972;633|presidente.repubblica:decreto:1972;633_articolo-57|
Sentenza_Z31_3163_2023.json|53|||legislation|nazionale|dlgs. n. 128 del 2015, art. 2, commi 1|dlgs. n. 128 del 2015, art. 2, commi 1 e 2||articolo-2_comma-1|DLGS|||||||||128|2015|||||||||||||http://www.normattiva.it/uri-res/N2Ls?urn:nir:stato:decreto.legislativo:2015;128~art2-comma1|decreto.legislativo:2015;128|decreto.legislativo:2015;128_articolo-2|decreto.legislativo:2015;128_articolo-2_comma-1
Sentenza_Z31_3163_2023.json|54|||legislation|nazionale|2|dlgs. n. 128 del 2015, art. 2, commi 1 e 2||articolo-2_comma-2|DLGS|||||||||128|2015|||||||||||||http://www.normattiva.it/uri-res/N2Ls?urn:nir:stato:decreto.legislativo:2015;128~art2-comma2|decreto.legislativo:2015;128|decreto.legislativo:2015;128_articolo-2|decreto.legislativo:2015;128_articolo-2_comma-2
Sentenza_Z31_3163_2023.json|55|||legislation|nazionale|2 del dlgs. n. 128 del 2015|2 del dlgs. n. 128 del 2015||comma-2|DLGS|||||||||128|2015|||||||||||||http://www.normattiva.it/uri-res/N2Ls?urn:nir:stato:decreto.legislativo:2015;128~comma2|decreto.legislativo:2015;128||
Sentenza_Z31_3163_2023.json|56|||legislation|nazionale|dlgs. n. 128 del 2015|dlgs. n. 128 del 2015|||DLGS|||||||||128|2015|||||||||||||http://www.normattiva.it/uri-res/N2Ls?urn:nir:stato:decreto.legislativo:2015;128|decreto.legislativo:2015;128||
Sentenza_Z31_3163_2023.json|57|||legislation|nazionale|D.P.R. n. 600 del 1973, art. 43, comma 3|D.P.R. n. 600 del 1973, art. 43, comma 3||articolo-43_comma-3|DECR|PRES_REP||||||||600|1973||||1973-09-29|||||||||http://www.normattiva.it/uri-res/N2Ls?urn:nir:presidente.repubblica:decreto:1973;600~art43-comma3|presidente.repubblica:decreto:1973;600|presidente.repubblica:decreto:1973;600_articolo-43|presidente.repubblica:decreto:1973;600_articolo-43_comma-3
Sentenza_Z31_3163_2023.json|58|||legislation|nazionale|D.P.R. n. 633 del 1972, art. 57, comma 3|D.P.R. n. 633 del 1972, art. 57, comma 3||articolo-57_comma-3|DECR|PRES_REP||||||||633|1972||||1972-10-26|||||||||http://www.normattiva.it/uri-res/N2Ls?urn:nir:presidente.repubblica:decreto:1972;633~art57-comma3|presidente.repubblica:decreto:1972;633|presidente.repubblica:decreto:1972;633_articolo-57|presidente.repubblica:decreto:1972;633_articolo-57_comma-3
Sentenza_Z31_3163_2023.json|59|||legislation|nazionale|dlgs. n. 74 del 2000|dlgs. n. 74 del 2000|||DLGS|||||||||74|2000||||2000-03-10|||||||||http://www.normattiva.it/uri-res/N2Ls?urn:nir:stato:decreto.legislativo:2000;74|decreto.legislativo:2000;74||
Sentenza_Z46_8006_2023.json|1|||caselaw|nazionale|sentenza n. 3472/2016|pronuncia sentenza n. 3472/2016|||SENT|COMM_TRIBUT_PROV||SR||||||3472|2016||||||||||||||||
Sentenza_Z46_8006_2023.json|2|||caselaw|nazionale|1992 Sentenza n. 8006/2023 Depositato il 03/10/2023|1992 Sentenza n. 8006/2023 Depositato il 03/10/2023|||SENT|||||||||8006|1992|||||2023-10-03|||||||||||
Sentenza_Z46_8006_2023.json|3|||caselaw|nazionale|sentenza della Commissione Tributaria Provinciale di Siracusa n.3472/06/2016|sentenza della Commissione Tributaria Provinciale di Siracusa n.3472/06/2016|||SENT|COMM_TRIBUT_PROV||SR||||||||3472/06/2016|||||||||||||||
Sentenza_Z46_8006_2023.json|4|||legislation|nazionale|n.546/1992|n.546/1992|||DLGS|||||||||546|1992|||||||||||||http://www.normattiva.it/uri-res/N2Ls?urn:nir:stato:decreto.legislativo:1992;546|decreto.legislativo:1992;546||
Sentenza_Z46_8006_2023.json|5|||legislation|nazionale|art.21 dlgs. n. 546/1992|art.21 dlgs. n. 546/1992||articolo-21|DLGS|||||||||546|1992|||||||||||||http://www.normattiva.it/uri-res/N2Ls?urn:nir:stato:decreto.legislativo:1992;546~art21|decreto.legislativo:1992;546|decreto.legislativo:1992;546_articolo-21|
Sentenza_Z46_8006_2023.json|6|||legislation|nazionale|art. 1 comma 5 bis della L. n. 156/2005|art. 1 comma 5 bis della L. n. 156/2005||articolo-1_comma-5-bis|L|||||||||156|2005||||2005-07-31|||||||||http://www.normattiva.it/uri-res/N2Ls?urn:nir:stato:legge:2005;156~art1-comma5bis|legge:2005;156|legge:2005;156_articolo-1|legge:2005;156_articolo-1_comma-5-bis
Sentenza_Z46_8006_2023.json|7|||caselaw|nazionale|sentenza 15 luglio 2005, n. 280 la Corte costituzionale|sentenza 15 luglio 2005, n. 280 la Corte costituzionale|||SENT|CORTE_COST||||||||280|||||2005-07-15|||||||||http://www.cortecostituzionale.it/actionSchedaPronuncia.do?param_ecli=ECLI:IT:COST:2005:280|COST:2005:280||
Sentenza_Z46_8006_2023.json|8|||legislation|nazionale|art. 25 del D.P.R. n. 602/1973|art. 25 del D.P.R. n. 602/1973||articolo-25|DECR|PRES_REP||||||||602|1973|||||||||||||http://www.normattiva.it/uri-res/N2Ls?urn:nir:presidente.repubblica:decreto:1973;602~art25|presidente.repubblica:decreto:1973;602|presidente.repubblica:decreto:1973;602_articolo-25|
Sentenza_Z46_8006_2023.json|9|||legislation|nazionale|art. 36-bis del D.P.R. 29 settembre 1973, n. 600|art. 36-bis del D.P.R. 29 settembre 1973, n. 600||articolo-36-bis|DECR|PRES_REP||||||||600|||||1973-09-29|||||||||http://www.normattiva.it/uri-res/N2Ls?urn:nir:presidente.repubblica:decreto:1973;600~art36bis|presidente.repubblica:decreto:1973;600|presidente.repubblica:decreto:1973;600_articolo-36-bis|
Sentenza_Z46_8006_2023.json|10|||legislation|nazionale|art. 1 del D.L. 17 giugno 2005, n. 106|art. 1 del D.L. 17 giugno 2005, n. 106||articolo-1|DL|||||||||106|||||2005-06-17|||||||||http://www.normattiva.it/uri-res/N2Ls?urn:nir:stato:decreto.legge:2005;106~art1|decreto.legge:2005;106|decreto.legge:2005;106_articolo-1|
Sentenza_Z46_8006_2023.json|11|||legislation|nazionale|Legge 31 luglio 2005, n. 156|Legge 31 luglio 2005, n. 156|||L|||||||||156|2005||||2005-07-31|||||||||http://www.normattiva.it/uri-res/N2Ls?urn:nir:stato:legge:2005;156|legge:2005;156||
Sentenza_Z46_8006_2023.json|12|||legislation|nazionale|comma secondo dell'art. 36 del d. lgs. 29 febbraio 1999, n. 46|comma secondo dell'art. 36 del d. lgs. 29 febbraio 1999, n. 46||articolo-36_comma-2|DLGS|||||||||46|||||1999-02-29|||||||||http://www.normattiva.it/uri-res/N2Ls?urn:nir:stato:decreto.legislativo:1999;46~art36-comma2|decreto.legislativo:1999;46|decreto.legislativo:1999;46_articolo-36|decreto.legislativo:1999;46_articolo-36_comma-2
Sentenza_Z46_8006_2023.json|13|||legislation|nazionale|art. 1 del D.L. 17 giugno 2005, n. 106|art. 1 del D.L. 17 giugno 2005, n. 106||articolo-1|DL|||||||||106|||||2005-06-17|||||||||http://www.normattiva.it/uri-res/N2Ls?urn:nir:stato:decreto.legge:2005;106~art1|decreto.legge:2005;106|decreto.legge:2005;106_articolo-1|
Sentenza_Z46_8006_2023.json|14|||legislation|nazionale|D.P.C.M. Del 15/1/1991|D.P.C.M. Del 15/1/1991|||DECR|PRES_CONS_MIN|||||||||||||1991-01-15||||||||||||
Sentenza_Z46_8006_2023.json|15|||legislation|nazionale|decreti interministeriali del 31/3/93|decreti interministeriali del 31/3/93 e del 31/7/93|||DECR|MINISTERO|||||||||||||1993-03-31||||||||||||
Sentenza_Z46_8006_2023.json|16|||legislation|nazionale|31/7/93|decreti interministeriali del 31/3/93 e del 31/7/93|||DECR|MINISTERO|||||||||||||1993-07-31||||||||||||
Sentenza_Z46_8006_2023.json|17|||legislation|nazionale|Circolare del Ministero per le Finanze del 29/10/1993|Circolare del Ministero per le Finanze del 29/10/1993|||CIRC|MINISTERO|||||FINANZE||||||||1993-10-29||||||||||||
Sentenza_Z46_8006_2023.json|18|||legislation|nazionale|art. 25 del D.L. 244 del 23/6/1995|art. 25 del D.L. 244 del 23/6/1995||articolo-25|DL|||||||||244|||||1995-06-23|||||||||http://www.normattiva.it/uri-res/N2Ls?urn:nir:stato:decreto.legge:1995;244~art25|decreto.legge:1995;244|decreto.legge:1995;244_articolo-25|
Sentenza_Z46_8006_2023.json|19|||legislation|nazionale|L. 341/95|L. 341/95|||L|||||||||341|1995|||||||||||||http://www.normattiva.it/uri-res/N2Ls?urn:nir:stato:legge:1995;341|legge:1995;341||
Sentenza_Z46_8006_2023.json|20|||legislation|nazionale|art. 138 della L. n. 388 del 23/12/2000|art. 138 della L. n. 388 del 23/12/2000||articolo-138|L|||||||||388|||||2000-12-23|||||||||http://www.normattiva.it/uri-res/N2Ls?urn:nir:stato:legge:2000;388~art138|legge:2000;388|legge:2000;388_articolo-138|
Sentenza_Z46_8006_2023.json|21|||legislation|nazionale|art. 9 comma 17 della L. n. 289/2002|art. 9 comma 17 della L. n. 289/2002||articolo-9_comma-17|L|||||||||289|2002|||||||||||||http://www.normattiva.it/uri-res/N2Ls?urn:nir:stato:legge:2002;289~art9-comma17|legge:2002;289|legge:2002;289_articolo-9|legge:2002;289_articolo-9_comma-17
Sentenza_Z46_8006_2023.json|22|||legislation|nazionale|L. n. 388/2000 (1/1/2001|L. n. 388/2000 (1/1/2001|||L|||||||||388|2000||||2001-01-01|||||||||http://www.normattiva.it/uri-res/N2Ls?urn:nir:stato:legge:2000;388|legge:2000;388||
Sentenza_Z46_8006_2023.json|23|||legislation|nazionale|art. 3 Cost.|art. 3 Cost.|COST|articolo-3||||||||||||||||||||||||http://www.normattiva.it/uri-res/N2Ls?urn:nir:stato:costituzione:1947-12-27~art3|COST|COST_articolo-3|
Sentenza_Z46_8006_2023.json|24|||caselaw|nazionale|Cass. 17576/02|Cass. 17576/02||||CORTE_CASS||||||||17576|2002||||||||||||||||
Sentenza_Z46_8006_2023.json|25|||caselaw|nazionale|Cass. 21513/06|Cass. 21513/06||||CORTE_CASS||||||||21513|2006||||||||||||||||
Sentenza_Z46_8006_2023.json|26|||legislation|nazionale|L. n. 212/2000|L. n. 212/2000|||L|||||||||212|2000|||||||||||||http://www.normattiva.it/uri-res/N2Ls?urn:nir:stato:legge:2000;212|legge:2000;212||
Sentenza_Z46_8006_2023.json|27|||caselaw|nazionale|Cass. 9891/2011|Cass. 9891/2011||||CORTE_CASS||||||||9891|2011||||||||||||||||
Sentenza_Z46_8006_2023.json|28|||caselaw|nazionale|sentenza n. 956 del 17/1/2014|sentenza n. 956 del 17/1/2014|||SENT|||||||||956|||||2014-01-17||||||||||||
Sentenza_Z46_8006_2023.json|29|||caselaw|nazionale|Commissione Tributaria Provinciale di Siracusa n.3472/2016|Commissione Tributaria Provinciale di Siracusa n.3472/2016|||SENT|COMM_TRIBUT_PROV||SR||||||3472|2016||||||||||||||||
Sentenza_Z55_4587_2022.json|1|||caselaw|nazionale|2015 Sentenza n. 4587/2022 Depositato il 19/12/2022|2015 Sentenza n. 4587/2022 Depositato il 19/12/2022|||SENT|||||||||4587|2015|||||2022-12-19|||||||||||
Sentenza_Z55_4587_2022.json|2|||legislation|nazionale|art. 21 del dlgs. n. 546/1992|art. 21 del dlgs. n. 546/1992||articolo-21|DLGS|||||||||546|1992|||||||||||||http://www.normattiva.it/uri-res/N2Ls?urn:nir:stato:decreto.legislativo:1992;546~art21|decreto.legislativo:1992;546|decreto.legislativo:1992;546_articolo-21|
Sentenza_Z55_4587_2022.json|3|||legislation|nazionale|d.l. n.18/2020|d.l. n.18/2020|||DL|||||||||18|2020|||||||||||||http://www.normattiva.it/uri-res/N2Ls?urn:nir:stato:decreto.legge:2020;18|decreto.legge:2020;18||
