"filename","orig_issue_id","new_issue_id","n_refs_original_items","n_refs_new_items","n_refs_original_manual","n_refs_new_manual","n_refs_intersect_manual","n_refs_original_final","n_refs_new_final","n_refs_intersect","orig_issue_text","new_issue_text"
"Sentenza_U13_1015_2022.xml","Q1","Q1","5","4","","5","5","5","5","5","Se la società ricorrente, in qualità di soggetto erogatore della benzina, fosse legittimata a richiedere il rimborso dell'IRBA versata alla Regione, nonostante il soggetto passivo dell'imposta fossero i consumatori finali.","Se la società ricorrente, in qualità di soggetto erogatore e non consumatore finale, fosse legittimata a richiedere il rimborso dell’IRBA versata."
"Sentenza_U17_119_2022.xml","Q1","Q1","2","2","2","2","2","2","2","2","Se l'Ufficio abbia adempiuto al proprio onere probatorio riguardo all'inesistenza delle operazioni indicate nelle fatture emesse da società terze e se i ricorrenti abbiano fornito sufficienti elementi per dimostrare l'effettiva esecuzione delle stesse.","Se l'Ufficio fornisca prove sufficienti, anche indiziarie, dell'inesistenza delle operazioni indicate nelle fatture e se i contribuenti abbiano adempiuto al loro onere di provare l'effettiva esistenza delle operazioni."
"Sentenza_U17_119_2022.xml","Q2","Q2","3","2","3","2","2","3","2","2","Se la mancata allegazione della segnalazione della DP di Caserta agli atti di accertamento integri una nullità degli stessi per violazione degli obblighi di motivazione di cui all’art. 24 Cost., 42 DPR 600/73 e 7 L. 212/2000.","Se la mancata allegazione della segnalazione della DP di Caserta agli avvisi di accertamento integri una causa di nullità degli stessi."
"Sentenza_U24_1913_2022.xml","Q1","Q1","6","4","","5","4","6","5","4","Se l'Ufficio, in mancanza di risposta ai questionari da parte del contribuente, possa legittimamente procedere a un accertamento induttivo del reddito d'impresa basato su presunzioni generiche e senza elementi indiziari concreti.","Se l'Agenzia delle Entrate possa legittimamente procedere ad un accertamento induttivo del reddito d'impresa quando il contribuente non risponde ai questionari inviati, nonostante la produzione successiva di documentazione comprovante i ricavi dichiarati."
"Sentenza_U75_247_2021.xml","Q1","Q1","1","2","","","1","1","2","1","Se la sentenza della Commissione Tributaria Regionale dell'Umbria n. 556/03/2018, che ha annullato gli avvisi di accertamento per ICI anni 2010 e 2011, renda illegittimi il preavviso di fermo amministrativo e le ingiunzioni di pagamento basate su tali avvisi.","Se l'atto presupposto di un fermo amministrativo sia stato annullato in via definitiva, il fermo amministrativo successivamente notificato sia da considerarsi illegittimo."
"Sentenza_U75_247_2021.xml","Q2","Q2","2","2","","","2","2","2","2","Se l'Ica abbia agito con responsabilità aggravata ex art. 96 cpc e art. 15 comma 2 Dlgs 546/92, procedendo al fermo amministrativo nonostante fosse a conoscenza della sentenza della CTR Umbria che annullava gli avvisi di accertamento.","Se l'ufficio tributario, avendo ricevuto comunicazione dell'annullamento degli atti presupposti prima dell'emissione del fermo, debba essere condannato per responsabilità aggravata ex art. 96 cpc e art. 15 Dlgs 546/92."
"Sentenza_U91_11131_2023.xml","Q1","Q1","1","1","","","1","1","1","1","Se un contribuente impugni una cartella di pagamento relativa a contributi IVS (Invalidità, Vecchiaia, Superstiti) richiesti dall'INPS, spetti al giudice tributario o al giudice ordinario decidere sulla controversia.","Se il contribuente impugni una cartella di pagamento relativa a contributi IVS (Invalidità, Vecchiaia, Superstiti) dovuti all'INPS, spetti al giudice tributario o al giudice ordinario decidere sulla controversia."
"Sentenza_U91_11131_2023.xml","Q2","Q2","1","1","","","1","1","1","1","Se un contribuente, impugnando un'avviso di intimazione di pagamento, eccepisca la mancata notifica degli atti impositivi sottostanti, comporti la decadenza del potere impositivo dell'Agenzia delle Entrate.","Se il contribuente, impugnando un'intimazione di pagamento, possa eccepire la decadenza del potere impositivo per mancata notifica degli atti presupposti."
"Sentenza_U91_485_2022.xml","Q1","Q1","2","2","","","2","2","2","2","Se il contribuente impugni un atto che include riferimenti a precedenti cartelle esattoriali non notificate, il valore della causa per il calcolo del contributo unificato debba essere determinato sulla sola intimazione di pagamento ovvero debba comprendere anche il valore delle cartelle esattoriali presupposte.","Se il contributo unificato sia da calcolare solo sul valore dell'intimazione di pagamento oppure includendo anche il valore delle cartelle esattoriali collegate."
"Sentenza_U91_5452_2021.xml","Q1","Q1","5","5","6","8","5","6","8","5","Se l'Amministrazione finanziaria possa legittimamente sospendere il rimborso IVA basandosi unicamente su un processo verbale di constatazione (PVC) senza che sia stato emesso un avviso di accertamento.","Se il processo verbale di constatazione (PVC), senza l'emissione di un avviso di accertamento, costituisca una ragione di credito sufficiente a legittimare la sospensione del rimborso IVA."
"Sentenza_U91_9814_2021.xml","Q1","Q1","3","5","","","2","3","5","2","Se il soggetto che ha sottoscritto l'avviso di intimazione fiscale, ex dipendente di Equitalia Servizi di Riscossione S.p.A. trasferito all'Agenzia delle Entrate-Riscossione senza concorso pubblico, sia legittimato a rappresentare l'Amministrazione Pubblica e a sottoscrivere atti impositivi.","Se il sottoscrittore di un avviso di intimazione fiscale, ex dipendente di Equitalia Servizi di Riscossione S.p.A. trasferito all'Agenzia delle Entrate-Riscossione senza concorso pubblico, abbia la legittimazione necessaria per sottoscrivere atti amministrativi."
"Sentenza_U91_9814_2021.xml","Q2","Q2","2","2","","","1","2","2","1","Se le cartelle esattoriali alla base dell'avviso di intimazione siano state validamente notificate al contribuente ai sensi della normativa vigente.","Se le cartelle esattoriali siano state regolarmente notificate al contribuente, ai sensi delle norme procedurali vigenti."
"Sentenza_U93_56_2022.xml","Q1","Q1","2","2","","","1","2","2","1","Se l'iscrizione ipotecaria sia nulla per mancata notifica della comunicazione preventiva ex art. 77 comma 2 dpr 602/73.","Se l'iscrizione ipotecaria fosse da considerare nulla per la mancata notifica della comunicazione preventiva ex art. 77 comma 2 dpr 602/73."
"Sentenza_U93_56_2022.xml","Q2","Q2","3","2","","","2","3","2","2","Se il termine di cui all'art. 50 comma 3 dpr 602/73, relativo all'inizio dell'espropriazione, si applichi anche all'iscrizione ipotecaria.","Se l'iscrizione ipotecaria sia illegittima per violazione del termine di cui all'art.50 comma 3 dpr 602/73, relativo all'inizio dell'espropriazione."
"Sentenza_V06_822_2023.xml","Q1","Q1","2","2","","","2","2","2","2","Se l'Agente della Riscossione ometta di notificare al contribuente la comunicazione preventiva di iscrizione ipotecaria, ai sensi dell'art. 77 comma 2-bis del D.P.R. 602/1973, l'iscrizione ipotecaria successiva sia nulla.","Se l'Agente della Riscossione ometta di notificare al contribuente la comunicazione preventiva di iscrizione ipotecaria, ciò comporti la nullità della successiva iscrizione ipotecaria."
"Sentenza_V10_10757_2023.xml","Q1","Q2","7","7","10","10","7","10","10","7","Se i movimenti finanziari rilevati su conti correnti intestati ai soci di una società a ristretta base familiare possano essere presuntivamente riferiti all'attività della società stessa, ai sensi dell'art. 32 del DPR 600/73.","Se le movimentazioni bancarie non giustificate rilevate sui conti dei soci possano presumersi riferibili all'attività della società."
"Sentenza_V10_14484_2023.xml","Q1","Q1","3","4","4","4","4","4","4","4","Se il contribuente eccepisca la illegittimità della sottoscrizione dell'atto di accertamento da parte di un funzionario delegato, l'Amministrazione finanziaria debba dimostrare la regolarità della delega.","Se il contribuente contesti la legittimazione del soggetto sottoscrittore dell'avviso di accertamento, diverso dal dirigente, spetti all'Amministrazione finanziaria dimostrare il corretto esercizio del potere di firma mediante la produzione della delega."
"Sentenza_V10_14484_2023.xml","Q2","Q2","2","2","3","3","3","3","3","3","Se l’IVA detratta in fase di acquisto di un immobile in reverse charge rimanga detraibile nonostante la successiva cessione in esenzione nello stesso giorno.","Se una società acquisti un immobile in regime di reverse charge con detrazione IVA e lo ceda nella stessa data in regime di esenzione, sia negata la detrazione dell’IVA iniziale ai sensi dell’art. 19, comma 2, D.P.R. 633/72."
"Sentenza_V10_14484_2023.xml","Q3","Q3","3","2","3","3","3","3","3","3","Se l’Amministrazione possa dimostrare l’inesistenza di operazioni commerciali attraverso presunzioni semplici, spettando al contribuente provarne l’effettività.","Se l’Amministrazione finanziaria contesti l’inesistenza di operazioni commerciali sulla base di presunzioni semplici, spetti al contribuente dimostrare l’effettività delle operazioni con elementi probatori ulteriori rispetto alle fatture."
"Sentenza_V10_14619_2023.xml","Q1","Q1","5","4","5","4","4","5","4","4","Se la clausola penale inserita in un contratto costituisca una pattuizione autonoma soggetta a tassazione separata ai fini dell'imposta di registro.","Se la clausola penale inserita in un contratto costituisca una pattuizione autonoma soggetta a tassazione separata, ai sensi dell'art. 21 TUR, o se invece sia connessa necessariamente al contratto principale."
"Sentenza_V10_14727_2023.xml","Q1","Q1","3","3","3","3","3","3","3","3","Se la notifica di una cartella esattoriale avvenga nelle mani di un familiare convivente, sia necessaria la prova dell'invio della raccomandata informativa ai sensi dell'art. 60, comma 1, lett. b bis, D.P.R. n. 600/1973.","Se la notifica di una cartella di pagamento sia regolare alla luce dell'art. 60, lettera b-bis, del D.P.R. n. 600/1973, quando consegnata a persona diversa dal destinatario senza prova dell'invio della raccomandata informativa."
"Sentenza_V10_3453_2023.xml","Q1","Q1","3","2","3","2","2","3","2","2","Se l’Agenzia delle Entrate non fornisca la prova della regolare notifica dell’accertamento prodromico alla cartella di pagamento, la cartella successiva sia da considerare illegittima per violazione della sequenza procedimentale.","Se la mancanza di prova della regolare notifica degli atti prodromici (avviso di accertamento) renda illegittima la successiva cartella di pagamento emessa dall'Agenzia delle Entrate."
"Sentenza_V10_4293_2021.xml","Q1","Q1","1","1","1","1","1","1","1","1","Se il contribuente non abbia adeguatamente comprovato la tempestività del ricorso, allegando solo la fotografia del provvedimento impugnato senza indicare la data di notifica della comunicazione di iscrizione del fermo amministrativo.","Se il ricorrente abbia adeguatamente comprovato la tempestività del ricorso, dimostrando la data di notifica del provvedimento impugnato entro il termine di 60 giorni previsto dalla legge."
"Sentenza_V10_7264_2021.xml","Q1","Q1","1","1","","","1","1","1","1","Se un contribuente deceduto sia stato dichiarato fallito e la procedura fallimentare sia ancora in corso, gli eredi possano essere considerati legittimati passivamente per il pagamento dell'IMU relativa a immobili compresi nel fallimento.","Se il defunto sia stato dichiarato fallito e la procedura fallimentare sia ancora in corso, gli eredi possano essere considerati legittimati passivi per il pagamento dell'IMU relativa agli immobili compresi nel fallimento."
"Sentenza_V10_7817_2023.xml","Q1","Q1","2","2","2","2","2","2","2","2","Se il diritto dell'amministrazione al recupero della tassa automobilistica non corrisposta si sia prescritto per decorso del termine triennale previsto dalla legge.","Se il diritto dell'amministrazione al recupero delle tasse automobilistiche non corrisposte si prescriva entro il terzo anno successivo a quello in cui doveva avvenire il versamento"
"Sentenza_V12_962_2022.xml","Q1","Q1","2","2","","","2","2","2","2","Se il ricorso sia stato notificato entro il termine di sessanta giorni prescritto dall'art. 21, comma 1, del d.lgs. n. 546/92, decorrente dalla data di notifica dell'atto impugnato.","Se il ricorso n. 107/21 sia inammissibile per tardività, avendo superato il termine di 60 giorni dalla notifica dell'avviso di accertamento."
"Sentenza_V12_962_2022.xml","Q2","Q2","2","2","","","2","2","2","2","Se la notifica dell'avviso di accertamento al liquidatore della società estinta sia valida ai sensi dell'art. 145 c.p.c. e dell'art. 60 d.P.R. n. 600/73.","Se la notificazione dell'avviso di accertamento al liquidatore della società estinta sia valida ai sensi dell'art. 145 c.p.c. e art. 60 d.P.R. n. 600/73."
"Sentenza_V16_372_2022.xml","Q1","Q1","3","2","3","2","1","3","2","1","Se l'Ufficio abbia legittimamente accertato un maggior reddito di partecipazione del socio basandosi sull'accertamento del maggior reddito d'impresa della società, senza considerare ulteriori costi deducibili.","Se l'Ufficio abbia correttamente determinato il reddito di partecipazione del socio basandosi sui maggiori ricavi accertati nella società senza considerare l'incidenza dei costi."
"Sentenza_V20_830_2022.xml","Q1","Q1","4","5","","","4","4","5","4","Se un'area destinata a insediamenti produttivi, ma soggetta a vincoli idrogeologici di varia intensità, sia assoggettabile all'IMU nonostante la presunta inedificabilità assoluta.","Se un terreno sia assoggettabile all'IMU nonostante la presenza di vincoli idrogeologici e la mancanza di strumenti urbanistici attuativi."
"Sentenza_V20_943_2021.xml","Q1","Q1","6","7","8","8","8","8","8","8","Se la notifica di una cartella di pagamento avvenga tramite un indirizzo PEC non incluso nei pubblici elenchi (INIPEC o IPA), tale notifica sia da considerarsi nulla per violazione degli obblighi di legge.","Se la notifica telematica di una cartella di pagamento sia valida quando effettuata tramite un indirizzo PEC non presente nei pubblici elenchi."
"Sentenza_V22_1763_2021.xml","Q1","Q1","3","3","3","3","3","3","3","3","Se il contribuente contesti la legittimazione del soggetto, diverso dal dirigente, alla sottoscrizione dell'atto di accertamento, l'Amministrazione finanziaria debba dimostrare il corretto esercizio del potere di delega.","Se il contribuente contesti la legittimazione del soggetto delegato alla sottoscrizione dell'avviso di accertamento, l'Amministrazione finanziaria debba dimostrare il corretto esercizio del potere di delega."
"Sentenza_V22_1763_2021.xml","Q2","Q2","4","4","4","4","4","4","4","4","Se la sottoscrizione digitale di un atto di accertamento tributario, senza ulteriori formalità, ne determini la nullità per violazione delle norme in materia di documenti informatici.","Se la sottoscrizione digitale dell'atto di accertamento, in assenza di specifica contestazione sulla conformità tecnica, integri una violazione delle norme sul documento informatico."
"Sentenza_V22_3848_2021.xml","Q1","Q1","4","4","7","7","7","7","7","7","Se l’avviso di accertamento TARI sia legittimamente emesso come ""omesso pagamento"" anziché ""omessa denuncia"" in assenza di una denuncia originaria da parte del contribuente.","Se il contribuente non abbia mai presentato la denuncia TARI sin dall'inizio dell'attività, l'amministrazione comunale possa legittimamente emettere un avviso di accertamento per omesso pagamento anziché per omessa denuncia."
"Sentenza_V22_5547_2023.xml","Q1","Q2","5","13","11","26","11","11","26","11","Se il contribuente non abbia impugnato il piano di classifica del Consorzio di bonifica, e i suoi fondi siano inclusi nel perimetro consortile, gravi su di lui l'onere di provare l'assenza di vantaggi diretti e specifici derivanti dalle opere di bonifica.","Se, in caso di mancata impugnazione del piano di classifica consortile, spetti al contribuente dimostrare l'assenza di vantaggi diretti derivanti dalle opere di bonifica per sottrarsi all'obbligo contributivo."
"Sentenza_V31_1512_2022.xml","Q1","Q1","2","2","2","2","2","2","2","2","Se il contribuente impugni un accertamento fiscale relativo a quote di ammortamento dedotte negli anni successivi a quello della loro prima iscrizione in bilancio, sostenendo che il termine di decadenza decorra dall'anno del sostenimento della spesa e non dall'anno di deduzione, la decadenza dell'amministrazione finanziaria debba essere valutata in riferimento all'anno in cui il singolo rateo è stato dedotto nella dichiarazione.","Se il contribuente deduca in più anni quote di ammortamento o spese relative a più esercizi, il termine per l'accertamento decorre dall'anno in cui viene effettuata la deduzione o dall'anno in cui le spese vengono sostenute e iscritte in bilancio?"
"Sentenza_V31_1512_2022.xml","Q2","Q2","1","2","2","1","1","2","1","1","Se un contribuente, nell'esercizio della sua attività professionale, deduca come costi inerenti spese per l'acquisto di climatizzatori e per migliorie allo studio professionale, tali spese debbano essere considerate inerenti all'attività professionale e quindi deducibili.","Se un professionista acquisti climatizzatori per il proprio studio, tali spese siano integralmente deducibili come inerenti all'attività professionale, ovvero debbano essere limitate in proporzione alle esigenze effettive?"
"Sentenza_V31_207_2021.xml","Q1","Q1","2","2","2","2","2","2","2","2","Se il contribuente abbia diritto a compensare un credito ottenuto da una precedente sentenza con i ratei della definizione agevolata, onde evitare la revoca della stessa e l'emissione di una intimazione di pagamento.","Se il contribuente abbia diritto alla compensazione di un credito derivante da una precedente sentenza favorevole per estinguere gli obblighi di pagamento nella definizione agevolata, rendendo così illegittima l'intimazione di pagamento."
"Sentenza_V31_2235_2021.xml","Q1","Q1","3","2","3","2","0","3","2","0","Se l'avviso di accertamento TARES per l'anno 2013 sia stato notificato regolarmente e se il ricorso sia inammissibile per tardività.","Se il contribuente abbia proposto il ricorso in modo tempestivo rispetto alla notifica dell'avviso di accertamento TARES."
"Sentenza_V40_2713_2023.xml","Q2","Q1","4","4","","","4","4","4","4","Se le spese di ristorazione e acquisto parti meccaniche per autovetture siano deducibili ai fini IRPEF e IRAP, nonostante la mancanza di indicazioni specifiche sulle fatture.","Se le spese di ristorazione e per l'acquisto di parti meccaniche di autovetture siano deducibili ai fini IRPEF e IRAP, nonostante la mancanza di specifica documentazione sui beneficiari e sull'inerenza all'attività d'impresa."
"Sentenza_V40_875_2022.xml","Q1","Q1","2","2","2","2","0","2","2","0","Se l'Agenzia delle Entrate abbia validamente notificato gli atti di accertamento propedeutici alla cartella esattoriale.","Se l'Agenzia delle Entrate abbia validamente notificato gli atti di accertamento propedeutici alla cartella esattoriale."
"Sentenza_V40_875_2022.xml","Q2","Q2","2","3","2","3","0","2","3","0","Se il termine di prescrizione del credito tributario fosse già decorso al momento della notifica della cartella esattoriale.","Se il credito tributario relativo alle tasse automobilistiche 2011 sia prescritto al momento della notifica della cartella esattoriale."
"Sentenza_V40_9206_2021.xml","Q1","Q1","8","9","8","9","0","8","9","0","Se il contribuente possieda i requisiti soggettivi (coltivatore diretto o imprenditore agricolo iscritto alla previdenza agricola) e oggettivi (ubicazione del terreno in comune montano o parzialmente montano) per beneficiare dell'esenzione IMU sui terreni agricoli per l'anno 2014.","Se un contribuente, pur sostenendo di essere coltivatore diretto o imprenditore agricolo professionale, non fornisca prove sufficienti di tale status e i terreni siano ubicati in un comune non montano ai sensi dell'elenco ISTAT, sia dovuta l'IMU per tali terreni."
"Sentenza_V43_3075_2022.xml","Q1","Q1","3","3","5","5","0","5","5","0","Se un terreno edificabile presenti caratteristiche specifiche (vicinanza al mare, fascia di rispetto di 150 metri dalla battigia, natura in parte sabbiosa) che ne riducano il valore rispetto ad altri terreni assunti a comparazione dall’ufficio.","Se il valore di un terreno edificabile sia correttamente determinato dall'ufficio in base ai criteri di cui agli artt. 51 e 52 del d.p.r. 131/1986, considerando comparazioni con terreni nella stessa zona e applicando una riduzione prudenziale."
"Sentenza_V43_3256_2021.xml","Q1","Q1","3","3","3","3","2","3","3","2","Se la notifica dell'intimazione di pagamento della TARI per gli anni 2015-2016 sia da considerarsi valida nonostante la mancanza di firma autografa e l'esecuzione nel 2020.","Se la notifica dell'intimazione di pagamento della TARI per gli anni 2015-2016 sia da considerarsi valida nonostante le eccezioni sollevate dal contribuente."
"Sentenza_V43_3667_2023.xml","Q1","Q1","4","4","4","4","4","4","4","4","Se la notifica di una cartella di pagamento avvenga a mezzo PEC da un indirizzo non registrato in pubblici elenchi, tale notifica sia da considerarsi giuridicamente inesistente o solo annullabile.","Se la notifica di una cartella di pagamento avvenga tramite un indirizzo PEC non presente nei pubblici registri, essa sia da considerarsi nulla o inesistente."
"Sentenza_V43_3667_2023.xml","Q2","Q2","2","2","2","2","1","2","2","1","Se l'imposta comunale di pubblicità sia dovuta per un'insegna installata senza autorizzazione, la cui superficie sia inferiore a cinque metri quadrati e non finalizzata a promuovere l'attività economica.","Se un'insegna di esercizio con superficie inferiore a cinque metri quadrati e non finalizzata a promuovere l'attività economica sia soggetta all'imposta comunale di pubblicità."
"Sentenza_V50_1992_2021.xml","Q1","Q1","5","5","5","7","4","5","7","4","Se un fabbricato rurale collabente, iscritto in categoria F/2 e privo di rendita catastale, e la relativa area di sedime debbano essere assoggettati a ICI quali area edificabile.","Se un fabbricato rurale collabente (categoria F/2), privo di rendita catastale e iscritto al catasto terreni, e la relativa area di sedime debbano essere assoggettati all'ICI come area edificabile."
"Sentenza_Z11_370_2021.xml","Q1","Q2","6","8","6","8","6","6","8","6","Se l'erede che abbia accettato l'eredità con beneficio d'inventario possa essere considerato legittimato passivamente ai fini del pagamento di debiti tributari maturati prima dell'apertura della successione.","Se l'erede che abbia accettato con beneficio d'inventario possa essere considerato illegittimato passivamente in un giudizio tributario relativo a imposte sul patrimonio ereditato."
"Sentenza_Z29_1812_2023.xml","Q1","Q1","4","3","5","3","0","5","3","0","Se l'appello sia ammissibile nonostante la mancanza di nuove argomentazioni rispetto a quelle già esaminate in primo grado.","Se l'appello sia ammissibile nonostante la mancanza di nuove argomentazioni rispetto a quelle già esaminate in primo grado."
"Sentenza_Z29_1812_2023.xml","Q2","Q3","7","9","8","11","8","8","11","8","Se la cartella di pagamento sia legittima nonostante il ricorso a crediti inesistenti per la compensazione.","Se la cartella di pagamento sia legittima nonostante il disconoscimento del credito utilizzato in compensazione."
"Sentenza_Z29_2235_2023.xml","Q1","Q1","1","1","1","1","1","1","1","1","Se il ricorrente non alleghi materialmente gli atti impugnati al ricorso, ciò rende inammissibile il ricorso per impossibilità di verificare il rispetto dei termini di legge.","Se il ricorrente non alleghi materialmente gli atti impugnati al ricorso, ciò renda inammissibile il ricorso per impossibilità di verificare la tempestività della notifica."
"Sentenza_Z29_513_2022.xml","Q1","Q1","3","3","3","3","2","3","3","2","Se le operazioni bancarie effettuate sui conti personali dei soci di una società di persone possano essere automaticamente attribuite alla società stessa ai fini fiscali.","Se le operazioni bancarie effettuate sui conti personali dei soci di una società di persone possano essere presumibilmente attribuite alla società stessa ai fini dell'accertamento tributario."
"Sentenza_Z29_513_2022.xml","Q2","Q2","4","3","5","4","4","5","4","4","Se le discrasie rilevate nella contabilità gestionale (in particolare nel conto di cassa) possano considerarsi giustificate in assenza di elementi probatori specifici forniti dal contribuente.","Se le discrasie rilevate nella contabilità gestionale della società (in particolare sul conto di cassa in danaro) giustifichino l'accertamento di maggiori ricavi."
"Sentenza_Z29_6436_2022.xml","Q1","Q1","3","2","4","3","3","4","3","3","Se l'immobile abbia i requisiti per l'esenzione IMU ai sensi dell'art. 7, lett. c) del D.L.vo 504/1992, in relazione alla destinazione a usi culturali.","Se l'immobile, dichiarato esente dall'IMU per destinazione ad uso culturale ai sensi dell'art. 7, lett. c) D.L.vo 504/1992, richieda un vincolo permanente e giuridicamente efficace sulla destinazione d'uso per beneficiare dell'esenzione."
"Sentenza_Z29_7548_2021.xml","Q1","Q1","4","6","4","6","3","4","6","3","Se la notifica dell'appello sia valida nonostante sia stata effettuata presso la sede della società anziché presso il procuratore costituito in giudizio.","Se la notifica dell'appello sia nulla per essere stata eseguita presso la sede della società anziché il difensore costituito."
"Sentenza_Z29_7548_2021.xml","Q2","Q2","2","2","2","2","2","2","2","2","Se la notifica dell'ingiunzione di pagamento sia regolare nonostante il mancato ritiro dell'atto da parte del destinatario.","Se la notifica dell'ingiunzione tramite servizio postale sia valida nonostante il mancato ritiro dell'atto."
"Sentenza_Z29_7978_2022.xml","Q1","Q1","1","1","1","1","1","1","1","1","Se un contribuente impugnasse un avviso di accertamento fiscale senza aver notificato il ricorso all'Agenzia delle Entrate, il ricorso sarebbe inammissibile?","Se il ricorrente non abbia notificato il ricorso di primo grado all'Agenzia delle Entrate, risultando pertanto il ricorso inammissibile."
"Sentenza_Z31_3048_2022.xml","Q1","Q1","3","2","3","3","3","3","3","3","Se un contraente, a causa della morosità o del recesso del conduttore, non percepisca i canoni di locazione contrattualmente pattuiti per un immobile non adibito ad uso abitativo, sia tenuto a dichiararli come reddito figurativo ai fini IRPEF fino alla data di risoluzione efficace del contratto.","Se un contratto di locazione venga risolto con effetto retroattivo (ex tunc), sia il contribuente tenuto a dichiarare i canoni di locazione relativi al periodo successivo alla risoluzione?"
"Sentenza_Z31_3163_2023.xml","Q1","Q1","6","6","10","11","9","10","11","9","Se l\'avviso di contestazione IVA notificato prima dello scadere del termine di 60 giorni previsto dall\'art. 12, comma 7, legge 212/2000 e senza attivazione del contraddittorio endoprocedimentale sia nullo.","Se l’avviso di contestazione per omesso versamento IVA sia nullo per violazione del contraddittorio endoprocedimentale e del termine di 60 giorni previsto dall’art. 12, comma 7, L. 212/2000."
"Sentenza_Z31_3163_2023.xml","Q2","Q2","4","6","5","7","7","5","7","5","Se l\'avviso di contestazione IVA notificato dopo il termine ordinario (31.12.2014) sia nullo per decadenza, stante la mancata presentazione della denuncia penale entro tale termine.","Se l’atto di contestazione sia nullo per decadenza del potere di accertamento, mancando la denuncia penale entro il termine ordinario ex art. 57, comma 3, DPR 633/72."
"Sentenza_Z46_8006_2023.xml","Q2","Q1","6","9","9","11","7","9","11","7","Se la notifica della cartella di pagamento sia avvenuta oltre i termini di decadenza previsti dall'art. 1 comma 5-bis L. n. 156/2005, con conseguente inefficacia della pretesa tributaria.","Se la notifica della cartella di pagamento sia avvenuta entro i termini di decadenza previsti dall'art. 1 comma 5 bis della L. n. 156/2005."
"Sentenza_Z55_4587_2022.xml","Q1","Q1","1","2","1","2","0","1","2","0","Se l'Avviso di accertamento presupposto alla cartella di pagamento sia stato regolarmente notificato al contribuente.","Se l'avviso di accertamento sia stato regolarmente notificato al contribuente"
"Sentenza_Z55_4587_2022.xml","Q2","Q2","2","2","2","2","1","2","2","1","Se i termini di riscossione della cartella siano stati sospesi o prorogati a causa dei provvedimenti emergenziali COVID-19.","Se i provvedimenti emergenziali (decreto Cura Italia) abbiano sospeso i termini nella fattispecie"